Timestamp;Metric;FrameCount;PointsAdded;ChartTime_ms;FrameTime_ms;ChartImpact_Percent;FPS;AllocatedMemory_B
2026-06-08 14:27:35.551;Velocity;1373;1;0,5705;13,8850;4,11;72,0;0,00
2026-06-08 14:27:35.552;Current;1373;1;0,0281;13,8850;0,20;72,0;0,00
2026-06-08 14:27:35.552;Torque;1373;1;0,0128;13,8850;0,09;72,0;0,00
2026-06-08 14:27:35.618;Velocity;1375;1;0,0343;26,2859;0,13;38,0;0,00
2026-06-08 14:27:35.619;Current;1375;1;0,0225;26,2859;0,09;38,0;0,00
2026-06-08 14:27:35.619;Torque;1375;1;0,0139;26,2859;0,05;38,0;4,00
2026-06-08 14:27:35.650;Velocity;1377;2;0,0493;12,8193;0,38;78,0;0,00
2026-06-08 14:27:35.651;Current;1377;2;0,0491;12,8193;0,38;78,0;0,00
2026-06-08 14:27:35.652;Torque;1377;2;0,0195;12,8193;0,15;78,0;4,00
2026-06-08 14:27:35.685;Velocity;1379;1;0,0636;14,4142;0,44;69,4;4,00
2026-06-08 14:27:35.686;Current;1379;1;0,0216;14,4142;0,15;69,4;0,00
2026-06-08 14:27:35.687;Torque;1379;1;0,0117;14,4142;0,08;69,4;0,00
2026-06-08 14:27:35.716;Velocity;1381;1;0,0342;9,4652;0,36;105,7;0,00
2026-06-08 14:27:35.717;Current;1381;1;0,0212;9,4652;0,22;105,7;0,00
2026-06-08 14:27:35.718;Torque;1381;1;0,0149;9,4652;0,16;105,7;8,00
2026-06-08 14:27:35.744;Velocity;1383;1;0,0381;9,8495;0,39;101,5;4,00
2026-06-08 14:27:35.744;Current;1383;1;0,0225;9,8495;0,23;101,5;4,00
2026-06-08 14:27:35.745;Torque;1383;1;0,0091;9,8495;0,09;101,5;0,00
2026-06-08 14:27:35.786;Velocity;1385;1;0,0362;16,2521;0,22;61,5;0,00
2026-06-08 14:27:35.787;Current;1385;1;0,0192;16,2521;0,12;61,5;0,00
2026-06-08 14:27:35.787;Torque;1385;1;0,0081;16,2521;0,05;61,5;0,00
2026-06-08 14:27:35.815;Velocity;1387;1;0,0505;10,4268;0,48;95,9;4,00
2026-06-08 14:27:35.816;Current;1387;1;0,0196;10,4268;0,19;95,9;0,00
2026-06-08 14:27:35.816;Torque;1387;1;0,0104;10,4268;0,10;95,9;0,00
2026-06-08 14:27:35.855;Velocity;1389;1;0,0395;19,3243;0,20;51,7;4,00
2026-06-08 14:27:35.855;Current;1389;1;0,0179;19,3243;0,09;51,7;0,00
2026-06-08 14:27:35.856;Torque;1389;1;0,0114;19,3243;0,06;51,7;4,00
2026-06-08 14:27:35.882;Velocity;1391;1;0,0320;10,0903;0,32;99,1;0,00
2026-06-08 14:27:35.882;Current;1391;1;0,0203;10,0903;0,20;99,1;4,00
2026-06-08 14:27:35.883;Torque;1391;1;0,0091;10,0903;0,09;99,1;4,00
2026-06-08 14:27:35.909;Velocity;1393;1;0,0294;8,8256;0,33;113,3;0,00
2026-06-08 14:27:35.910;Current;1393;1;0,0182;8,8256;0,21;113,3;4,00
2026-06-08 14:27:35.910;Torque;1393;1;0,0076;8,8256;0,09;113,3;0,00
2026-06-08 14:27:35.938;Velocity;1395;1;0,0349;7,9795;0,44;125,3;4,00
2026-06-08 14:27:35.939;Current;1395;1;0,0214;7,9795;0,27;125,3;4,00
2026-06-08 14:27:35.939;Torque;1395;1;0,0070;7,9795;0,09;125,3;0,00
2026-06-08 14:27:35.967;Velocity;1397;1;0,0304;8,5479;0,36;117,0;0,00
2026-06-08 14:27:35.967;Current;1397;1;0,0234;8,5479;0,27;117,0;4,00
2026-06-08 14:27:35.968;Torque;1397;1;0,0220;8,5479;0,26;117,0;8,00
2026-06-08 14:27:35.995;Velocity;1399;1;0,0298;8,8400;0,34;113,1;0,00
2026-06-08 14:27:35.996;Current;1399;1;0,0403;8,8400;0,46;113,1;4,00
2026-06-08 14:27:35.996;Torque;1399;1;0,0109;8,8400;0,12;113,1;0,00
2026-06-08 14:27:36.022;Velocity;1401;1;0,0362;8,5786;0,42;116,6;0,00
2026-06-08 14:27:36.023;Current;1401;1;0,0269;8,5786;0,31;116,6;0,00
2026-06-08 14:27:36.024;Torque;1401;1;0,0079;8,5786;0,09;116,6;0,00
2026-06-08 14:27:36.050;Velocity;1403;1;0,0347;9,5623;0,36;104,6;0,00
2026-06-08 14:27:36.051;Current;1403;1;0,0382;9,5623;0,40;104,6;8,00
2026-06-08 14:27:36.051;Torque;1403;1;0,0114;9,5623;0,12;104,6;0,00
2026-06-08 14:27:36.079;Velocity;1405;1;0,0300;8,6463;0,35;115,7;0,00
2026-06-08 14:27:36.079;Current;1405;1;0,0309;8,6463;0,36;115,7;0,00
2026-06-08 14:27:36.080;Torque;1405;1;0,0174;8,6463;0,20;115,7;4,00
2026-06-08 14:27:36.106;Velocity;1407;1;0,0503;9,7577;0,52;102,5;4,00
2026-06-08 14:27:36.106;Current;1407;1;0,0278;9,7577;0,28;102,5;4,00
2026-06-08 14:27:36.107;Torque;1407;1;0,0093;9,7577;0,10;102,5;0,00
2026-06-08 14:27:36.133;Velocity;1409;1;0,0296;8,2697;0,36;120,9;0,00
2026-06-08 14:27:36.134;Current;1409;1;0,0185;8,2697;0,22;120,9;0,00
2026-06-08 14:27:36.134;Torque;1409;1;0,0195;8,2697;0,24;120,9;4,00
2026-06-08 14:27:36.161;Velocity;1411;1;0,0300;8,1183;0,37;123,2;0,00
2026-06-08 14:27:36.162;Current;1411;1;0,0396;8,1183;0,49;123,2;8,00
2026-06-08 14:27:36.163;Torque;1411;1;0,0114;8,1183;0,14;123,2;0,00
2026-06-08 14:27:36.189;Velocity;1413;1;0,0452;9,2815;0,49;107,7;4,00
2026-06-08 14:27:36.190;Current;1413;1;0,0235;9,2815;0,25;107,7;0,00
2026-06-08 14:27:36.191;Torque;1413;1;0,0207;9,2815;0,22;107,7;4,00
2026-06-08 14:27:36.221;Velocity;1415;1;0,0304;8,4511;0,36;118,3;0,00
2026-06-08 14:27:36.221;Current;1415;1;0,0404;8,4511;0,48;118,3;4,00
2026-06-08 14:27:36.225;Torque;1415;1;0,0190;8,4511;0,22;118,3;4,00
2026-06-08 14:27:36.285;Velocity;1417;1;0,0296;31,6715;0,09;31,6;0,00
2026-06-08 14:27:36.286;Current;1417;1;0,0194;31,6715;0,06;31,6;0,00
2026-06-08 14:27:36.286;Torque;1417;1;0,0212;31,6715;0,07;31,6;4,00
2026-06-08 14:27:36.332;Velocity;1419;1;0,0362;6,8537;0,53;145,9;0,00
2026-06-08 14:27:36.332;Current;1419;1;0,0224;6,8537;0,33;145,9;0,00
2026-06-08 14:27:36.333;Torque;1419;1;0,0111;6,8537;0,16;145,9;0,00
2026-06-08 14:27:36.372;Velocity;1421;1;0,0364;14,5190;0,25;68,9;0,00
2026-06-08 14:27:36.373;Current;1421;1;0,0184;14,5190;0,13;68,9;0,00
2026-06-08 14:27:36.373;Torque;1421;1;0,0127;14,5190;0,09;68,9;8,00
2026-06-08 14:27:36.403;Velocity;1423;1;0,0319;7,8924;0,40;126,7;0,00
2026-06-08 14:27:36.404;Current;1423;1;0,0178;7,8924;0,23;126,7;0,00
2026-06-08 14:27:36.404;Torque;1423;1;0,0090;7,8924;0,11;126,7;0,00
2026-06-08 14:27:36.432;Velocity;1425;1;0,0287;8,1459;0,35;122,8;0,00
2026-06-08 14:27:36.433;Current;1425;1;0,0170;8,1459;0,21;122,8;0,00
2026-06-08 14:27:36.433;Torque;1425;1;0,0072;8,1459;0,09;122,8;0,00
2026-06-08 14:27:36.463;Velocity;1427;1;0,0355;8,5824;0,41;116,5;4,00
2026-06-08 14:27:36.463;Current;1427;1;0,0159;8,5824;0,19;116,5;0,00
2026-06-08 14:27:36.464;Torque;1427;1;0,0082;8,5824;0,10;116,5;0,00
2026-06-08 14:27:36.493;Velocity;1429;1;0,0286;8,0371;0,36;124,4;0,00
2026-06-08 14:27:36.493;Current;1429;1;0,0262;8,0371;0,33;124,4;4,00
2026-06-08 14:27:36.494;Torque;1429;1;0,0073;8,0371;0,09;124,4;4,00
2026-06-08 14:27:36.520;Velocity;1431;1;0,0269;7,3071;0,37;136,9;0,00
2026-06-08 14:27:36.521;Current;1431;1;0,0216;7,3071;0,30;136,9;8,00
2026-06-08 14:27:36.521;Torque;1431;1;0,0058;7,3071;0,08;136,9;0,00
2026-06-08 14:27:36.549;Velocity;1433;1;0,0281;7,9756;0,35;125,4;0,00
2026-06-08 14:27:36.549;Current;1433;1;0,0184;7,9756;0,23;125,4;4,00
2026-06-08 14:27:36.550;Torque;1433;1;0,0065;7,9756;0,08;125,4;0,00
2026-06-08 14:27:36.577;Velocity;1435;1;0,0315;7,8081;0,40;128,1;0,00
2026-06-08 14:27:36.578;Current;1435;1;0,0345;7,8081;0,44;128,1;4,00
2026-06-08 14:27:36.578;Torque;1435;1;0,0073;7,8081;0,09;128,1;0,00
2026-06-08 14:27:36.607;Velocity;1437;1;0,0310;8,0715;0,38;123,9;0,00
2026-06-08 14:27:36.607;Current;1437;1;0,0286;8,0715;0,35;123,9;0,00
2026-06-08 14:27:36.608;Torque;1437;1;0,0137;8,0715;0,17;123,9;8,00
2026-06-08 14:27:36.634;Velocity;1439;1;0,0294;7,4602;0,39;134,0;0,00
2026-06-08 14:27:36.634;Current;1439;1;0,0302;7,4602;0,40;134,0;0,00
2026-06-08 14:27:36.635;Torque;1439;1;0,0117;7,4602;0,16;134,0;4,00
2026-06-08 14:27:36.662;Velocity;1441;1;0,0368;8,0287;0,46;124,6;4,00
2026-06-08 14:27:36.663;Current;1441;1;0,0171;8,0287;0,21;124,6;0,00
2026-06-08 14:27:36.663;Torque;1441;1;0,0128;8,0287;0,16;124,6;4,00
2026-06-08 14:27:36.682;Velocity;1443;1;0,0279;7,1313;0,39;140,2;0,00
2026-06-08 14:27:36.683;Current;1443;1;0,0161;7,1313;0,23;140,2;0,00
2026-06-08 14:27:36.683;Torque;1443;1;0,0055;7,1313;0,08;140,2;0,00
2026-06-08 14:27:36.706;Velocity;1445;1;0,0279;7,7708;0,36;128,7;0,00
2026-06-08 14:27:36.706;Current;1445;1;0,0160;7,7708;0,21;128,7;0,00
2026-06-08 14:27:36.707;Torque;1445;1;0,0102;7,7708;0,13;128,7;4,00
2026-06-08 14:27:36.734;Velocity;1447;1;0,0274;9,4692;0,29;105,6;0,00
2026-06-08 14:27:36.734;Current;1447;1;0,0250;9,4692;0,26;105,6;0,00
2026-06-08 14:27:36.734;Torque;1447;1;0,0073;9,4692;0,08;105,6;0,00
2026-06-08 14:27:36.762;Velocity;1449;1;0,0274;9,7121;0,28;103,0;0,00
2026-06-08 14:27:36.762;Current;1449;1;0,0172;9,7121;0,18;103,0;0,00
2026-06-08 14:27:36.762;Torque;1449;1;0,0071;9,7121;0,07;103,0;4,00
2026-06-08 14:27:36.789;Velocity;1451;1;0,0352;9,3603;0,38;106,8;4,00
2026-06-08 14:27:36.790;Current;1451;1;0,0153;9,3603;0,16;106,8;0,00
2026-06-08 14:27:36.790;Torque;1451;1;0,0070;9,3603;0,07;106,8;0,00
2026-06-08 14:27:36.818;Velocity;1453;1;0,0321;9,4154;0,34;106,2;4,00
2026-06-08 14:27:36.818;Current;1453;1;0,0160;9,4154;0,17;106,2;0,00
2026-06-08 14:27:36.819;Torque;1453;1;0,0100;9,4154;0,11;106,2;4,00
2026-06-08 14:27:36.845;Velocity;1455;1;0,0325;8,9630;0,36;111,6;4,00
2026-06-08 14:27:36.846;Current;1455;1;0,0150;8,9630;0,17;111,6;0,00
2026-06-08 14:27:36.846;Torque;1455;1;0,0067;8,9630;0,07;111,6;0,00
2026-06-08 14:27:36.873;Velocity;1457;1;0,0329;9,4219;0,35;106,1;4,00
2026-06-08 14:27:36.873;Current;1457;1;0,0149;9,4219;0,16;106,1;0,00
2026-06-08 14:27:36.874;Torque;1457;1;0,0073;9,4219;0,08;106,1;0,00
2026-06-08 14:27:36.901;Velocity;1459;1;0,0276;9,4197;0,29;106,2;0,00
2026-06-08 14:27:36.901;Current;1459;1;0,0178;9,4197;0,19;106,2;8,00
2026-06-08 14:27:36.902;Torque;1459;1;0,0058;9,4197;0,06;106,2;0,00
2026-06-08 14:27:36.928;Velocity;1461;1;0,0463;9,8344;0,47;101,7;0,00
2026-06-08 14:27:36.929;Current;1461;1;0,0245;9,8344;0,25;101,7;4,00
2026-06-08 14:27:36.929;Torque;1461;1;0,0072;9,8344;0,07;101,7;4,00
2026-06-08 14:27:36.956;Velocity;1463;1;0,0274;9,6909;0,28;103,2;0,00
2026-06-08 14:27:36.957;Current;1463;1;0,0231;9,6909;0,24;103,2;4,00
2026-06-08 14:27:36.957;Torque;1463;1;0,0061;9,6909;0,06;103,2;0,00
2026-06-08 14:27:36.984;Velocity;1465;1;0,0269;10,0236;0,27;99,8;0,00
2026-06-08 14:27:36.985;Current;1465;1;0,0143;10,0236;0,14;99,8;0,00
2026-06-08 14:27:36.985;Torque;1465;1;0,0108;10,0236;0,11;99,8;4,00
2026-06-08 14:27:37.012;Velocity;1467;1;0,0273;9,7926;0,28;102,1;0,00
2026-06-08 14:27:37.013;Current;1467;1;0,0171;9,7926;0,17;102,1;0,00
2026-06-08 14:27:37.013;Torque;1467;1;0,0096;9,7926;0,10;102,1;4,00
2026-06-08 14:27:37.041;Velocity;1469;1;0,0334;9,7554;0,34;102,5;4,00
2026-06-08 14:27:37.041;Current;1469;1;0,0144;9,7554;0,15;102,5;0,00
2026-06-08 14:27:37.041;Torque;1469;1;0,0102;9,7554;0,10;102,5;8,00
2026-06-08 14:27:37.067;Velocity;1471;1;0,0296;9,1831;0,32;108,9;0,00
2026-06-08 14:27:37.068;Current;1471;1;0,0136;9,1831;0,15;108,9;0,00
2026-06-08 14:27:37.068;Torque;1471;1;0,0076;9,1831;0,08;108,9;4,00
2026-06-08 14:27:37.095;Velocity;1473;1;0,0292;10,4441;0,28;95,7;0,00
2026-06-08 14:27:37.096;Current;1473;1;0,0172;10,4441;0,16;95,7;0,00
2026-06-08 14:27:37.096;Torque;1473;1;0,0057;10,4441;0,05;95,7;0,00
2026-06-08 14:27:37.123;Velocity;1475;1;0,0293;10,1120;0,29;98,9;0,00
2026-06-08 14:27:37.124;Current;1475;1;0,0146;10,1120;0,14;98,9;0,00
2026-06-08 14:27:37.124;Torque;1475;1;0,0066;10,1120;0,07;98,9;0,00
2026-06-08 14:27:37.150;Velocity;1477;1;0,0272;10,4272;0,26;95,9;0,00
2026-06-08 14:27:37.151;Current;1477;1;0,0310;10,4272;0,30;95,9;0,00
2026-06-08 14:27:37.151;Torque;1477;1;0,0122;10,4272;0,12;95,9;12,00
2026-06-08 14:27:37.179;Velocity;1479;1;0,0328;10,4225;0,31;95,9;4,00
2026-06-08 14:27:37.179;Current;1479;1;0,0151;10,4225;0,14;95,9;0,00
2026-06-08 14:27:37.180;Torque;1479;1;0,0070;10,4225;0,07;95,9;0,00
2026-06-08 14:27:37.206;Velocity;1481;1;0,0345;10,4235;0,33;95,9;4,00
2026-06-08 14:27:37.207;Current;1481;1;0,0147;10,4235;0,14;95,9;0,00
2026-06-08 14:27:37.207;Torque;1481;1;0,0069;10,4235;0,07;95,9;0,00
2026-06-08 14:27:37.234;Velocity;1483;1;0,0332;10,1372;0,33;98,6;4,00
2026-06-08 14:27:37.235;Current;1483;1;0,0167;10,1372;0,16;98,6;0,00
2026-06-08 14:27:37.235;Torque;1483;1;0,0087;10,1372;0,09;98,6;0,00
2026-06-08 14:27:37.263;Velocity;1485;1;0,0452;10,2042;0,44;98,0;4,00
2026-06-08 14:27:37.263;Current;1485;1;0,0149;10,2042;0,15;98,0;0,00
2026-06-08 14:27:37.263;Torque;1485;1;0,0114;10,2042;0,11;98,0;4,00
2026-06-08 14:27:37.289;Velocity;1487;1;0,0433;9,7458;0,44;102,6;4,00
2026-06-08 14:27:37.290;Current;1487;1;0,0180;9,7458;0,18;102,6;8,00
2026-06-08 14:27:37.290;Torque;1487;1;0,0059;9,7458;0,06;102,6;0,00
2026-06-08 14:27:37.319;Velocity;1489;1;0,0578;11,2983;0,51;88,5;0,00
2026-06-08 14:27:37.320;Current;1489;1;0,0243;11,2983;0,22;88,5;4,00
2026-06-08 14:27:37.320;Torque;1489;1;0,0073;11,2983;0,06;88,5;0,00
2026-06-08 14:27:37.348;Velocity;1491;1;0,0311;8,5104;0,37;117,5;0,00
2026-06-08 14:27:37.348;Current;1491;1;0,0239;8,5104;0,28;117,5;4,00
2026-06-08 14:27:37.349;Torque;1491;1;0,0089;8,5104;0,10;117,5;0,00
2026-06-08 14:27:37.376;Velocity;1493;1;0,0330;9,6033;0,34;104,1;0,00
2026-06-08 14:27:37.377;Current;1493;1;0,0234;9,6033;0,24;104,1;0,00
2026-06-08 14:27:37.377;Torque;1493;1;0,0166;9,6033;0,17;104,1;8,00
2026-06-08 14:27:37.404;Velocity;1495;1;0,0320;8,0969;0,40;123,5;0,00
2026-06-08 14:27:37.404;Current;1495;1;0,0205;8,0969;0,25;123,5;0,00
2026-06-08 14:27:37.405;Torque;1495;1;0,0118;8,0969;0,15;123,5;4,00
2026-06-08 14:27:37.431;Velocity;1497;1;0,0386;8,5945;0,45;116,4;4,00
2026-06-08 14:27:37.432;Current;1497;1;0,0186;8,5945;0,22;116,4;0,00
2026-06-08 14:27:37.432;Torque;1497;1;0,0112;8,5945;0,13;116,4;4,00
2026-06-08 14:27:37.460;Velocity;1499;1;0,0372;7,9432;0,47;125,9;0,00
2026-06-08 14:27:37.460;Current;1499;1;0,0208;7,9432;0,26;125,9;0,00
2026-06-08 14:27:37.461;Torque;1499;1;0,0131;7,9432;0,16;125,9;8,00
2026-06-08 14:27:37.488;Velocity;1501;1;0,0308;8,8503;0,35;113,0;0,00
2026-06-08 14:27:37.488;Current;1501;1;0,0212;8,8503;0,24;113,0;0,00
2026-06-08 14:27:37.489;Torque;1501;1;0,0111;8,8503;0,13;113,0;4,00
2026-06-08 14:27:37.515;Velocity;1503;1;0,0310;8,9634;0,35;111,6;0,00
2026-06-08 14:27:37.516;Current;1503;1;0,0181;8,9634;0,20;111,6;0,00
2026-06-08 14:27:37.516;Torque;1503;1;0,0070;8,9634;0,08;111,6;0,00
2026-06-08 14:27:37.542;Velocity;1505;1;0,0314;8,0171;0,39;124,7;0,00
2026-06-08 14:27:37.543;Current;1505;1;0,0181;8,0171;0,23;124,7;0,00
2026-06-08 14:27:37.543;Torque;1505;1;0,0117;8,0171;0,15;124,7;4,00
2026-06-08 14:27:37.570;Velocity;1507;1;0,0304;8,3456;0,36;119,8;0,00
2026-06-08 14:27:37.571;Current;1507;1;0,0207;8,3456;0,25;119,8;0,00
2026-06-08 14:27:37.571;Torque;1507;1;0,0080;8,3456;0,10;119,8;0,00
2026-06-08 14:27:37.598;Velocity;1509;1;0,0381;8,3586;0,46;119,6;4,00
2026-06-08 14:27:37.599;Current;1509;1;0,0218;8,3586;0,26;119,6;0,00
2026-06-08 14:27:37.599;Torque;1509;1;0,0102;8,3586;0,12;119,6;4,00
2026-06-08 14:27:37.626;Velocity;1511;1;0,0473;8,7628;0,54;114,1;4,00
2026-06-08 14:27:37.627;Current;1511;1;0,0256;8,7628;0,29;114,1;4,00
2026-06-08 14:27:37.627;Torque;1511;1;0,0076;8,7628;0,09;114,1;0,00
2026-06-08 14:27:37.654;Velocity;1513;1;0,0487;7,8845;0,62;126,8;4,00
2026-06-08 14:27:37.655;Current;1513;1;0,0281;7,8845;0,36;126,8;0,00
2026-06-08 14:27:37.655;Torque;1513;1;0,0074;7,8845;0,09;126,8;0,00
2026-06-08 14:27:37.692;Velocity;1515;1;0,0300;16,1952;0,19;61,7;0,00
2026-06-08 14:27:37.693;Current;1515;1;0,0340;16,1952;0,21;61,7;8,00
2026-06-08 14:27:37.693;Torque;1515;1;0,0086;16,1952;0,05;61,7;0,00
2026-06-08 14:27:37.721;Velocity;1517;1;0,0304;8,7751;0,35;114,0;0,00
2026-06-08 14:27:37.722;Current;1517;1;0,0472;8,7751;0,54;114,0;8,00
2026-06-08 14:27:37.722;Torque;1517;1;0,0155;8,7751;0,18;114,0;4,00
2026-06-08 14:27:37.747;Velocity;1519;1;0,0302;8,9733;0,34;111,4;0,00
2026-06-08 14:27:37.748;Current;1519;1;0,0302;8,9733;0,34;111,4;4,00
2026-06-08 14:27:37.749;Torque;1519;1;0,0105;8,9733;0,12;111,4;0,00
2026-06-08 14:27:37.775;Velocity;1521;1;0,0362;8,0127;0,45;124,8;0,00
2026-06-08 14:27:37.776;Current;1521;1;0,0317;8,0127;0,40;124,8;0,00
2026-06-08 14:27:37.776;Torque;1521;1;0,0275;8,0127;0,34;124,8;8,00
2026-06-08 14:27:37.803;Velocity;1523;1;0,0298;8,3107;0,36;120,3;0,00
2026-06-08 14:27:37.804;Current;1523;1;0,0197;8,3107;0,24;120,3;0,00
2026-06-08 14:27:37.804;Torque;1523;1;0,0196;8,3107;0,24;120,3;4,00
2026-06-08 14:27:37.831;Velocity;1525;1;0,0499;8,2936;0,60;120,6;4,00
2026-06-08 14:27:37.832;Current;1525;1;0,0228;8,2936;0,27;120,6;0,00
2026-06-08 14:27:37.832;Torque;1525;1;0,0244;8,2936;0,29;120,6;8,00
2026-06-08 14:27:37.859;Velocity;1527;1;0,0319;8,0507;0,40;124,2;0,00
2026-06-08 14:27:37.862;Current;1527;1;0,0239;8,0507;0,30;124,2;0,00
2026-06-08 14:27:37.863;Torque;1527;1;0,0235;8,0507;0,29;124,2;4,00
2026-06-08 14:27:37.900;Velocity;1529;1;0,0353;13,0010;0,27;76,9;0,00
2026-06-08 14:27:37.901;Current;1529;1;0,0232;13,0010;0,18;76,9;0,00
2026-06-08 14:27:37.901;Torque;1529;1;0,0082;13,0010;0,06;76,9;0,00
2026-06-08 14:27:37.928;Velocity;1531;1;0,0354;8,6340;0,41;115,8;0,00
2026-06-08 14:27:37.929;Current;1531;1;0,0220;8,6340;0,25;115,8;0,00
2026-06-08 14:27:37.929;Torque;1531;1;0,0106;8,6340;0,12;115,8;0,00
2026-06-08 14:27:37.957;Velocity;1533;1;0,0324;8,2745;0,39;120,9;0,00
2026-06-08 14:27:37.958;Current;1533;1;0,0263;8,2745;0,32;120,9;0,00
2026-06-08 14:27:37.958;Torque;1533;1;0,0156;8,2745;0,19;120,9;8,00
2026-06-08 14:27:37.983;Velocity;1535;1;0,0375;9,1168;0,41;109,7;0,00
2026-06-08 14:27:37.984;Current;1535;1;0,0208;9,1168;0,23;109,7;0,00
2026-06-08 14:27:37.984;Torque;1535;1;0,0095;9,1168;0,10;109,7;0,00
2026-06-08 14:27:38.011;Velocity;1537;1;0,0364;8,6046;0,42;116,2;0,00
2026-06-08 14:27:38.012;Current;1537;1;0,0208;8,6046;0,24;116,2;0,00
2026-06-08 14:27:38.013;Torque;1537;1;0,0087;8,6046;0,10;116,2;0,00
2026-06-08 14:27:38.040;Velocity;1539;1;0,0361;8,3834;0,43;119,3;0,00
2026-06-08 14:27:38.040;Current;1539;1;0,0203;8,3834;0,24;119,3;0,00
2026-06-08 14:27:38.041;Torque;1539;1;0,0098;8,3834;0,12;119,3;0,00
2026-06-08 14:27:38.067;Velocity;1541;1;0,0335;8,6059;0,39;116,2;0,00
2026-06-08 14:27:38.067;Current;1541;1;0,0191;8,6059;0,22;116,2;0,00
2026-06-08 14:27:38.068;Torque;1541;1;0,0112;8,6059;0,13;116,2;4,00
2026-06-08 14:27:38.096;Velocity;1543;1;0,0356;8,2206;0,43;121,6;0,00
2026-06-08 14:27:38.097;Current;1543;1;0,0287;8,2206;0,35;121,6;4,00
2026-06-08 14:27:38.097;Torque;1543;1;0,0085;8,2206;0,10;121,6;0,00
2026-06-08 14:27:38.124;Velocity;1545;1;0,0358;8,4664;0,42;118,1;0,00
2026-06-08 14:27:38.124;Current;1545;1;0,0233;8,4664;0,28;118,1;0,00
2026-06-08 14:27:38.125;Torque;1545;1;0,0082;8,4664;0,10;118,1;0,00
2026-06-08 14:27:38.152;Velocity;1547;1;0,0352;8,3389;0,42;119,9;0,00
2026-06-08 14:27:38.152;Current;1547;1;0,0242;8,3389;0,29;119,9;0,00
2026-06-08 14:27:38.153;Torque;1547;1;0,0107;8,3389;0,13;119,9;0,00
2026-06-08 14:27:38.180;Velocity;1549;1;0,0349;8,3039;0,42;120,4;0,00
2026-06-08 14:27:38.180;Current;1549;1;0,0239;8,3039;0,29;120,4;0,00
2026-06-08 14:27:38.181;Torque;1549;1;0,0114;8,3039;0,14;120,4;4,00
2026-06-08 14:27:38.206;Velocity;1551;1;0,0580;9,3163;0,62;107,3;0,00
2026-06-08 14:27:38.207;Current;1551;1;0,0248;9,3163;0,27;107,3;0,00
2026-06-08 14:27:38.207;Torque;1551;1;0,0084;9,3163;0,09;107,3;0,00
2026-06-08 14:27:38.236;Velocity;1553;1;0,0424;9,5197;0,45;105,0;4,00
2026-06-08 14:27:38.237;Current;1553;1;0,0414;9,5197;0,43;105,0;0,00
2026-06-08 14:27:38.238;Torque;1553;1;0,0082;9,5197;0,09;105,0;0,00
2026-06-08 14:27:38.276;Velocity;1555;1;0,0329;18,1450;0,18;55,1;0,00
2026-06-08 14:27:38.276;Current;1555;1;0,0414;18,1450;0,23;55,1;4,00
2026-06-08 14:27:38.277;Torque;1555;1;0,0080;18,1450;0,04;55,1;0,00
2026-06-08 14:27:38.306;Velocity;1557;1;0,0346;10,8609;0,32;92,1;0,00
2026-06-08 14:27:38.307;Current;1557;1;0,0448;10,8609;0,41;92,1;4,00
2026-06-08 14:27:38.308;Torque;1557;1;0,0140;10,8609;0,13;92,1;4,00
2026-06-08 14:27:38.346;Velocity;1559;1;0,0312;16,1653;0,19;61,9;0,00
2026-06-08 14:27:38.347;Current;1559;1;0,0346;16,1653;0,21;61,9;0,00
2026-06-08 14:27:38.347;Torque;1559;1;0,0139;16,1653;0,09;61,9;4,00
2026-06-08 14:27:38.373;Velocity;1561;1;0,0316;8,9377;0,35;111,9;0,00
2026-06-08 14:27:38.374;Current;1561;1;0,0285;8,9377;0,32;111,9;0,00
2026-06-08 14:27:38.374;Torque;1561;1;0,0131;8,9377;0,15;111,9;8,00
2026-06-08 14:27:38.401;Velocity;1563;1;0,0303;7,8963;0,38;126,6;0,00
2026-06-08 14:27:38.401;Current;1563;1;0,0263;7,8963;0,33;126,6;0,00
2026-06-08 14:27:38.402;Torque;1563;1;0,0109;7,8963;0,14;126,6;4,00
2026-06-08 14:27:38.429;Velocity;1565;1;0,0301;9,4821;0,32;105,5;0,00
2026-06-08 14:27:38.430;Current;1565;1;0,0285;9,4821;0,30;105,5;0,00
2026-06-08 14:27:38.430;Torque;1565;1;0,0178;9,4821;0,19;105,5;4,00
2026-06-08 14:27:38.457;Velocity;1567;1;0,0299;9,7690;0,31;102,4;0,00
2026-06-08 14:27:38.458;Current;1567;1;0,0539;9,7690;0,55;102,4;0,00
2026-06-08 14:27:38.458;Torque;1567;1;0,0086;9,7690;0,09;102,4;0,00
2026-06-08 14:27:38.484;Velocity;1569;1;0,0277;8,0883;0,34;123,6;0,00
2026-06-08 14:27:38.485;Current;1569;1;0,0200;8,0883;0,25;123,6;0,00
2026-06-08 14:27:38.485;Torque;1569;1;0,0059;8,0883;0,07;123,6;0,00
2026-06-08 14:27:38.513;Velocity;1571;1;0,0298;7,6005;0,39;131,6;0,00
2026-06-08 14:27:38.513;Current;1571;1;0,0255;7,6005;0,34;131,6;4,00
2026-06-08 14:27:38.514;Torque;1571;1;0,0076;7,6005;0,10;131,6;0,00
2026-06-08 14:27:38.541;Velocity;1573;1;0,0343;8,3687;0,41;119,5;4,00
2026-06-08 14:27:38.542;Current;1573;1;0,0249;8,3687;0,30;119,5;0,00
2026-06-08 14:27:38.542;Torque;1573;1;0,0104;8,3687;0,12;119,5;4,00
2026-06-08 14:27:38.570;Velocity;1575;1;0,0348;8,5097;0,41;117,5;4,00
2026-06-08 14:27:38.570;Current;1575;1;0,0379;8,5097;0,45;117,5;4,00
2026-06-08 14:27:38.571;Torque;1575;1;0,0071;8,5097;0,08;117,5;0,00
2026-06-08 14:27:38.597;Velocity;1577;1;0,0398;8,7722;0,45;114,0;4,00
2026-06-08 14:27:38.598;Current;1577;1;0,0320;8,7722;0,36;114,0;0,00
2026-06-08 14:27:38.598;Torque;1577;1;0,0076;8,7722;0,09;114,0;0,00
2026-06-08 14:27:38.626;Velocity;1579;1;0,0375;7,0217;0,53;142,4;4,00
2026-06-08 14:27:38.626;Current;1579;1;0,0518;7,0217;0,74;142,4;0,00
2026-06-08 14:27:38.627;Torque;1579;1;0,0082;7,0217;0,12;142,4;0,00
2026-06-08 14:27:38.653;Velocity;1581;1;0,0364;8,6054;0,42;116,2;4,00
2026-06-08 14:27:38.654;Current;1581;1;0,0443;8,6054;0,51;116,2;4,00
2026-06-08 14:27:38.654;Torque;1581;1;0,0101;8,6054;0,12;116,2;4,00
2026-06-08 14:27:38.680;Velocity;1583;1;0,0288;9,0744;0,32;110,2;0,00
2026-06-08 14:27:38.681;Current;1583;1;0,0261;9,0744;0,29;110,2;4,00
2026-06-08 14:27:38.681;Torque;1583;1;0,0061;9,0744;0,07;110,2;0,00
2026-06-08 14:27:38.708;Velocity;1585;1;0,0348;8,6660;0,40;115,4;0,00
2026-06-08 14:27:38.709;Current;1585;1;0,0271;8,6660;0,31;115,4;4,00
2026-06-08 14:27:38.709;Torque;1585;1;0,0069;8,6660;0,08;115,4;0,00
2026-06-08 14:27:38.737;Velocity;1587;1;0,0285;8,5533;0,33;116,9;0,00
2026-06-08 14:27:38.737;Current;1587;1;0,0323;8,5533;0,38;116,9;0,00
2026-06-08 14:27:38.737;Torque;1587;1;0,0110;8,5533;0,13;116,9;4,00
2026-06-08 14:27:38.767;Velocity;1589;1;0,0296;8,8620;0,33;112,8;0,00
2026-06-08 14:27:38.768;Current;1589;1;0,0312;8,8620;0,35;112,8;0,00
2026-06-08 14:27:38.768;Torque;1589;1;0,0128;8,8620;0,14;112,8;12,00
2026-06-08 14:27:38.791;Velocity;1591;1;0,0359;7,9928;0,45;125,1;4,00
2026-06-08 14:27:38.792;Current;1591;1;0,0216;7,9928;0,27;125,1;0,00
2026-06-08 14:27:38.793;Torque;1591;1;0,0097;7,9928;0,12;125,1;4,00
2026-06-08 14:27:38.820;Velocity;1593;1;0,0268;8,5229;0,31;117,3;0,00
2026-06-08 14:27:38.820;Current;1593;1;0,0211;8,5229;0,25;117,3;0,00
2026-06-08 14:27:38.820;Torque;1593;1;0,0068;8,5229;0,08;117,3;0,00
2026-06-08 14:27:38.848;Velocity;1595;1;0,0540;8,2895;0,65;120,6;0,00
2026-06-08 14:27:38.849;Current;1595;1;0,0404;8,2895;0,49;120,6;0,00
2026-06-08 14:27:38.849;Torque;1595;1;0,0073;8,2895;0,09;120,6;0,00
2026-06-08 14:27:38.876;Velocity;1597;1;0,0305;8,3653;0,36;119,5;0,00
2026-06-08 14:27:38.877;Current;1597;1;0,0266;8,3653;0,32;119,5;0,00
2026-06-08 14:27:38.877;Torque;1597;1;0,0089;8,3653;0,11;119,5;4,00
2026-06-08 14:27:38.904;Velocity;1599;1;0,0340;9,0195;0,38;110,9;0,00
2026-06-08 14:27:38.904;Current;1599;1;0,0546;9,0195;0,61;110,9;4,00
2026-06-08 14:27:38.905;Torque;1599;1;0,0090;9,0195;0,10;110,9;0,00
2026-06-08 14:27:38.931;Velocity;1601;1;0,0333;7,3610;0,45;135,9;4,00
2026-06-08 14:27:38.931;Current;1601;1;0,0181;7,3610;0,25;135,9;0,00
2026-06-08 14:27:38.932;Torque;1601;1;0,0066;7,3610;0,09;135,9;0,00
2026-06-08 14:27:38.960;Velocity;1603;1;0,0347;8,7570;0,40;114,2;4,00
2026-06-08 14:27:38.961;Current;1603;1;0,0288;8,7570;0,33;114,2;0,00
2026-06-08 14:27:38.961;Torque;1603;1;0,0065;8,7570;0,07;114,2;0,00
2026-06-08 14:27:38.986;Velocity;1605;1;0,0345;7,7321;0,45;129,3;4,00
2026-06-08 14:27:38.987;Current;1605;1;0,0195;7,7321;0,25;129,3;0,00
2026-06-08 14:27:38.987;Torque;1605;1;0,0086;7,7321;0,11;129,3;4,00
2026-06-08 14:27:39.016;Velocity;1607;1;0,0648;8,4467;0,77;118,4;8,00
2026-06-08 14:27:39.016;Current;1607;1;0,0511;8,4467;0,60;118,4;0,00
2026-06-08 14:27:39.017;Torque;1607;1;0,0104;8,4467;0,12;118,4;0,00
2026-06-08 14:27:39.043;Velocity;1609;1;0,0381;9,4106;0,40;106,3;4,00
2026-06-08 14:27:39.044;Current;1609;1;0,0475;9,4106;0,50;106,3;4,00
2026-06-08 14:27:39.044;Torque;1609;1;0,0077;9,4106;0,08;106,3;0,00
2026-06-08 14:27:39.071;Velocity;1611;1;0,0310;7,5855;0,41;131,8;0,00
2026-06-08 14:27:39.071;Current;1611;1;0,0411;7,5855;0,54;131,8;4,00
2026-06-08 14:27:39.072;Torque;1611;1;0,0073;7,5855;0,10;131,8;0,00
2026-06-08 14:27:39.100;Velocity;1613;1;0,0291;8,2893;0,35;120,6;0,00
2026-06-08 14:27:39.100;Current;1613;1;0,0537;8,2893;0,65;120,6;4,00
2026-06-08 14:27:39.101;Torque;1613;1;0,0092;8,2893;0,11;120,6;4,00
2026-06-08 14:27:39.126;Velocity;1615;1;0,0271;8,9148;0,30;112,2;0,00
2026-06-08 14:27:39.126;Current;1615;1;0,0239;8,9148;0,27;112,2;0,00
2026-06-08 14:27:39.127;Torque;1615;1;0,0113;8,9148;0,13;112,2;4,00
2026-06-08 14:27:39.154;Velocity;1617;1;0,0273;8,1903;0,33;122,1;0,00
2026-06-08 14:27:39.154;Current;1617;1;0,0180;8,1903;0,22;122,1;0,00
2026-06-08 14:27:39.154;Torque;1617;1;0,0114;8,1903;0,14;122,1;8,00
2026-06-08 14:27:39.183;Velocity;1619;1;0,0300;8,7492;0,34;114,3;0,00
2026-06-08 14:27:39.183;Current;1619;1;0,0486;8,7492;0,56;114,3;0,00
2026-06-08 14:27:39.184;Torque;1619;1;0,0168;8,7492;0,19;114,3;4,00
2026-06-08 14:27:39.210;Velocity;1621;1;0,0287;9,8743;0,29;101,3;0,00
2026-06-08 14:27:39.210;Current;1621;1;0,0271;9,8743;0,27;101,3;0,00
2026-06-08 14:27:39.211;Torque;1621;1;0,0149;9,8743;0,15;101,3;8,00
2026-06-08 14:27:39.241;Velocity;1623;1;0,0343;8,7388;0,39;114,4;0,00
2026-06-08 14:27:39.242;Current;1623;1;0,0508;8,7388;0,58;114,4;4,00
2026-06-08 14:27:39.242;Torque;1623;1;0,0088;8,7388;0,10;114,4;0,00
2026-06-08 14:27:39.278;Velocity;1625;1;0,0315;14,9797;0,21;66,8;0,00
2026-06-08 14:27:39.279;Current;1625;1;0,0232;14,9797;0,15;66,8;0,00
2026-06-08 14:27:39.279;Torque;1625;1;0,0062;14,9797;0,04;66,8;0,00
2026-06-08 14:27:39.307;Velocity;1627;1;0,0515;10,1052;0,51;99,0;4,00
2026-06-08 14:27:39.308;Current;1627;1;0,0492;10,1052;0,49;99,0;8,00
2026-06-08 14:27:39.308;Torque;1627;1;0,0134;10,1052;0,13;99,0;4,00
2026-06-08 14:27:39.339;Velocity;1629;1;0,0556;10,4964;0,53;95,3;0,00
2026-06-08 14:27:39.339;Current;1629;1;0,0340;10,4964;0,32;95,3;0,00
2026-06-08 14:27:39.340;Torque;1629;1;0,0209;10,4964;0,20;95,3;4,00
2026-06-08 14:27:39.375;Velocity;1631;1;0,0579;16,4005;0,35;61,0;4,00
2026-06-08 14:27:39.375;Current;1631;1;0,0391;16,4005;0,24;61,0;0,00
2026-06-08 14:27:39.376;Torque;1631;1;0,0082;16,4005;0,05;61,0;0,00
2026-06-08 14:27:39.404;Velocity;1633;1;0,0456;7,9450;0,57;125,9;4,00
2026-06-08 14:27:39.404;Current;1633;1;0,0238;7,9450;0,30;125,9;0,00
2026-06-08 14:27:39.404;Torque;1633;1;0,0069;7,9450;0,09;125,9;0,00
2026-06-08 14:27:39.432;Velocity;1635;1;0,0510;8,6283;0,59;115,9;4,00
2026-06-08 14:27:39.432;Current;1635;1;0,0245;8,6283;0,28;115,9;0,00
2026-06-08 14:27:39.433;Torque;1635;1;0,0083;8,6283;0,10;115,9;0,00
2026-06-08 14:27:39.460;Velocity;1637;1;0,0442;7,7485;0,57;129,1;4,00
2026-06-08 14:27:39.460;Current;1637;1;0,0267;7,7485;0,34;129,1;4,00
2026-06-08 14:27:39.461;Torque;1637;1;0,0125;7,7485;0,16;129,1;4,00
2026-06-08 14:27:39.488;Velocity;1639;1;0,0339;8,5705;0,40;116,7;0,00
2026-06-08 14:27:39.489;Current;1639;1;0,0377;8,5705;0,44;116,7;8,00
2026-06-08 14:27:39.489;Torque;1639;1;0,0085;8,5705;0,10;116,7;0,00
2026-06-08 14:27:39.516;Velocity;1641;1;0,0312;7,9545;0,39;125,7;0,00
2026-06-08 14:27:39.516;Current;1641;1;0,0434;7,9545;0,55;125,7;4,00
2026-06-08 14:27:39.517;Torque;1641;1;0,0094;7,9545;0,12;125,7;0,00
2026-06-08 14:27:39.544;Velocity;1643;1;0,0418;8,1641;0,51;122,5;4,00
2026-06-08 14:27:39.544;Current;1643;1;0,0185;8,1641;0,23;122,5;0,00
2026-06-08 14:27:39.544;Torque;1643;1;0,0173;8,1641;0,21;122,5;4,00
2026-06-08 14:27:39.572;Velocity;1645;1;0,0274;8,4536;0,32;118,3;0,00
2026-06-08 14:27:39.573;Current;1645;1;0,0225;8,4536;0,27;118,3;0,00
2026-06-08 14:27:39.573;Torque;1645;1;0,0348;8,4536;0,41;118,3;12,00
2026-06-08 14:27:39.599;Velocity;1647;1;0,0276;8,3261;0,33;120,1;0,00
2026-06-08 14:27:39.600;Current;1647;1;0,0245;8,3261;0,29;120,1;0,00
2026-06-08 14:27:39.600;Torque;1647;1;0,0323;8,3261;0,39;120,1;4,00
2026-06-08 14:27:39.630;Velocity;1649;1;0,0284;8,3113;0,34;120,3;0,00
2026-06-08 14:27:39.631;Current;1649;1;0,0228;8,3113;0,27;120,3;0,00
2026-06-08 14:27:39.631;Torque;1649;1;3,0632;8,3113;36,86;120,3;4,00
2026-06-08 14:27:39.669;Velocity;1651;1;0,0328;16,0426;0,20;62,3;0,00
2026-06-08 14:27:39.669;Current;1651;1;0,0166;16,0426;0,10;62,3;0,00
2026-06-08 14:27:39.669;Torque;1651;1;0,0069;16,0426;0,04;62,3;0,00
2026-06-08 14:27:39.697;Velocity;1653;1;0,0309;8,0901;0,38;123,6;0,00
2026-06-08 14:27:39.698;Current;1653;1;0,0354;8,0901;0,44;123,6;0,00
2026-06-08 14:27:39.698;Torque;1653;1;0,0108;8,0901;0,13;123,6;4,00
2026-06-08 14:27:39.726;Velocity;1655;1;0,0303;8,0382;0,38;124,4;0,00
2026-06-08 14:27:39.726;Current;1655;1;0,0224;8,0382;0,28;124,4;4,00
2026-06-08 14:27:39.727;Torque;1655;1;0,0072;8,0382;0,09;124,4;0,00
2026-06-08 14:27:39.753;Velocity;1657;1;0,0308;7,9143;0,39;126,4;0,00
2026-06-08 14:27:39.753;Current;1657;1;0,0222;7,9143;0,28;126,4;0,00
2026-06-08 14:27:39.754;Torque;1657;1;0,0090;7,9143;0,11;126,4;0,00
2026-06-08 14:27:39.781;Velocity;1659;1;0,0314;7,7382;0,41;129,2;0,00
2026-06-08 14:27:39.782;Current;1659;1;0,0158;7,7382;0,20;129,2;0,00
2026-06-08 14:27:39.782;Torque;1659;1;0,0065;7,7382;0,08;129,2;0,00
2026-06-08 14:27:39.810;Velocity;1661;1;0,0316;8,2506;0,38;121,2;0,00
2026-06-08 14:27:39.810;Current;1661;1;0,0183;8,2506;0,22;121,2;0,00
2026-06-08 14:27:39.810;Torque;1661;1;0,0101;8,2506;0,12;121,2;4,00
2026-06-08 14:27:39.836;Velocity;1663;1;0,0332;7,8539;0,42;127,3;0,00
2026-06-08 14:27:39.837;Current;1663;1;0,0361;7,8539;0,46;127,3;0,00
2026-06-08 14:27:39.837;Torque;1663;1;0,0073;7,8539;0,09;127,3;0,00
2026-06-08 14:27:39.865;Velocity;1665;1;0,0354;8,1158;0,44;123,2;4,00
2026-06-08 14:27:39.865;Current;1665;1;0,0168;8,1158;0,21;123,2;0,00
2026-06-08 14:27:39.865;Torque;1665;1;0,0075;8,1158;0,09;123,2;0,00
2026-06-08 14:27:39.893;Velocity;1667;1;0,0328;8,1840;0,40;122,2;0,00
2026-06-08 14:27:39.893;Current;1667;1;0,0170;8,1840;0,21;122,2;0,00
2026-06-08 14:27:39.894;Torque;1667;1;0,0071;8,1840;0,09;122,2;0,00
2026-06-08 14:27:39.921;Velocity;1669;1;0,0317;8,0835;0,39;123,7;0,00
2026-06-08 14:27:39.921;Current;1669;1;0,0163;8,0835;0,20;123,7;0,00
2026-06-08 14:27:39.922;Torque;1669;1;0,0097;8,0835;0,12;123,7;4,00
2026-06-08 14:27:39.948;Velocity;1671;1;0,0307;8,0246;0,38;124,6;0,00
2026-06-08 14:27:39.948;Current;1671;1;0,0178;8,0246;0,22;124,6;0,00
2026-06-08 14:27:39.949;Torque;1671;1;0,0095;8,0246;0,12;124,6;0,00
2026-06-08 14:27:39.976;Velocity;1673;1;0,0346;8,0162;0,43;124,7;0,00
2026-06-08 14:27:39.977;Current;1673;1;0,0207;8,0162;0,26;124,7;0,00
2026-06-08 14:27:39.977;Torque;1673;1;0,0142;8,0162;0,18;124,7;4,00
2026-06-08 14:27:40.005;Velocity;1675;1;0,0390;8,4620;0,46;118,2;0,00
2026-06-08 14:27:40.005;Current;1675;1;0,0217;8,4620;0,26;118,2;0,00
2026-06-08 14:27:40.006;Torque;1675;1;0,0079;8,4620;0,09;118,2;0,00
2026-06-08 14:27:40.032;Velocity;1677;1;0,0309;7,8187;0,40;127,9;0,00
2026-06-08 14:27:40.033;Current;1677;1;0,0199;7,8187;0,25;127,9;4,00
2026-06-08 14:27:40.033;Torque;1677;1;0,0075;7,8187;0,10;127,9;4,00
2026-06-08 14:27:40.059;Velocity;1679;1;0,0277;8,0179;0,35;124,7;0,00
2026-06-08 14:27:40.060;Current;1679;1;0,0188;8,0179;0,23;124,7;0,00
2026-06-08 14:27:40.060;Torque;1679;1;0,0112;8,0179;0,14;124,7;4,00
2026-06-08 14:27:40.087;Velocity;1681;1;0,0354;8,2603;0,43;121,1;4,00
2026-06-08 14:27:40.088;Current;1681;1;0,0185;8,2603;0,22;121,1;4,00
2026-06-08 14:27:40.088;Torque;1681;1;0,0099;8,2603;0,12;121,1;8,00
2026-06-08 14:27:40.116;Velocity;1683;1;0,0286;8,4280;0,34;118,7;0,00
2026-06-08 14:27:40.116;Current;1683;1;0,0270;8,4280;0,32;118,7;4,00
2026-06-08 14:27:40.117;Torque;1683;1;0,0071;8,4280;0,08;118,7;4,00
2026-06-08 14:27:40.143;Velocity;1685;1;0,0285;8,3775;0,34;119,4;0,00
2026-06-08 14:27:40.144;Current;1685;1;0,0228;8,3775;0,27;119,4;4,00
2026-06-08 14:27:40.144;Torque;1685;1;0,0087;8,3775;0,10;119,4;4,00
2026-06-08 14:27:40.171;Velocity;1687;1;0,0301;9,1418;0,33;109,4;0,00
2026-06-08 14:27:40.172;Current;1687;1;0,0773;9,1418;0,85;109,4;0,00
2026-06-08 14:27:40.172;Torque;1687;1;0,0084;9,1418;0,09;109,4;0,00
2026-06-08 14:27:40.199;Velocity;1689;1;0,0285;8,8936;0,32;112,4;0,00
2026-06-08 14:27:40.200;Current;1689;1;0,0414;8,8936;0,47;112,4;0,00
2026-06-08 14:27:40.200;Torque;1689;1;0,0058;8,8936;0,07;112,4;0,00
2026-06-08 14:27:40.226;Velocity;1691;1;0,0275;8,2473;0,33;121,3;0,00
2026-06-08 14:27:40.226;Current;1691;1;0,0204;8,2473;0,25;121,3;0,00
2026-06-08 14:27:40.227;Torque;1691;1;0,0061;8,2473;0,07;121,3;0,00
2026-06-08 14:27:40.255;Velocity;1693;1;0,0323;8,2325;0,39;121,5;4,00
2026-06-08 14:27:40.255;Current;1693;1;0,0310;8,2325;0,38;121,5;0,00
2026-06-08 14:27:40.256;Torque;1693;1;0,0095;8,2325;0,12;121,5;4,00
2026-06-08 14:27:40.281;Velocity;1695;1;0,0331;9,6381;0,34;103,8;4,00
2026-06-08 14:27:40.282;Current;1695;1;0,0194;9,6381;0,20;103,8;0,00
2026-06-08 14:27:40.282;Torque;1695;1;0,0073;9,6381;0,08;103,8;0,00
2026-06-08 14:27:40.309;Velocity;1697;1;0,0340;8,2557;0,41;121,1;8,00
2026-06-08 14:27:40.309;Current;1697;1;0,0151;8,2557;0,18;121,1;0,00
2026-06-08 14:27:40.310;Torque;1697;1;0,0073;8,2557;0,09;121,1;0,00
2026-06-08 14:27:40.338;Velocity;1699;1;0,0319;8,2608;0,39;121,1;4,00
2026-06-08 14:27:40.338;Current;1699;1;0,0344;8,2608;0,42;121,1;0,00
2026-06-08 14:27:40.339;Torque;1699;1;0,0069;8,2608;0,08;121,1;0,00
2026-06-08 14:27:40.366;Velocity;1701;1;0,0281;8,7251;0,32;114,6;0,00
2026-06-08 14:27:40.367;Current;1701;1;0,0249;8,7251;0,29;114,6;4,00
2026-06-08 14:27:40.367;Torque;1701;1;0,0099;8,7251;0,11;114,6;8,00
2026-06-08 14:27:40.394;Velocity;1703;1;0,0280;7,9886;0,35;125,2;0,00
2026-06-08 14:27:40.395;Current;1703;1;0,0258;7,9886;0,32;125,2;4,00
2026-06-08 14:27:40.396;Torque;1703;1;0,0067;7,9886;0,08;125,2;0,00
2026-06-08 14:27:40.422;Velocity;1705;1;0,0313;9,1787;0,34;108,9;0,00
2026-06-08 14:27:40.423;Current;1705;1;0,0272;9,1787;0,30;108,9;4,00
2026-06-08 14:27:40.423;Torque;1705;1;0,0087;9,1787;0,09;108,9;0,00
2026-06-08 14:27:40.450;Velocity;1707;1;0,0305;9,3070;0,33;107,4;0,00
2026-06-08 14:27:40.450;Current;1707;1;0,0295;9,3070;0,32;107,4;0,00
2026-06-08 14:27:40.451;Torque;1707;1;0,0150;9,3070;0,16;107,4;4,00
2026-06-08 14:27:40.479;Velocity;1709;1;0,0325;9,3444;0,35;107,0;0,00
2026-06-08 14:27:40.479;Current;1709;1;0,0328;9,3444;0,35;107,0;0,00
2026-06-08 14:27:40.480;Torque;1709;1;0,0161;9,3444;0,17;107,0;8,00
2026-06-08 14:27:40.518;Velocity;1711;1;0,0337;18,3987;0,18;54,4;0,00
2026-06-08 14:27:40.519;Current;1711;1;0,0295;18,3987;0,16;54,4;4,00
2026-06-08 14:27:40.520;Torque;1711;1;0,0098;18,3987;0,05;54,4;4,00
2026-06-08 14:27:40.546;Velocity;1713;1;0,0311;9,6856;0,32;103,2;0,00
2026-06-08 14:27:40.546;Current;1713;1;0,0181;9,6856;0,19;103,2;0,00
2026-06-08 14:27:40.547;Torque;1713;1;0,0117;9,6856;0,12;103,2;4,00
2026-06-08 14:27:40.574;Velocity;1715;1;0,0302;9,0854;0,33;110,1;0,00
2026-06-08 14:27:40.574;Current;1715;1;0,0220;9,0854;0,24;110,1;0,00
2026-06-08 14:27:40.575;Torque;1715;1;0,0073;9,0854;0,08;110,1;0,00
2026-06-08 14:27:40.602;Velocity;1717;1;0,0292;9,0015;0,32;111,1;0,00
2026-06-08 14:27:40.602;Current;1717;1;0,0211;9,0015;0,23;111,1;0,00
2026-06-08 14:27:40.603;Torque;1717;1;0,0128;9,0015;0,14;111,1;4,00
2026-06-08 14:27:40.629;Velocity;1719;1;0,0310;9,3299;0,33;107,2;0,00
2026-06-08 14:27:40.630;Current;1719;1;0,0202;9,3299;0,22;107,2;0,00
2026-06-08 14:27:40.630;Torque;1719;1;0,0089;9,3299;0,10;107,2;0,00
2026-06-08 14:27:40.657;Velocity;1721;1;0,0378;9,1457;0,41;109,3;4,00
2026-06-08 14:27:40.658;Current;1721;1;0,0210;9,1457;0,23;109,3;0,00
2026-06-08 14:27:40.658;Torque;1721;1;0,0083;9,1457;0,09;109,3;0,00
2026-06-08 14:27:40.685;Velocity;1723;1;0,0360;9,5465;0,38;104,8;4,00
2026-06-08 14:27:40.685;Current;1723;1;0,0197;9,5465;0,21;104,8;0,00
2026-06-08 14:27:40.686;Torque;1723;1;0,0069;9,5465;0,07;104,8;0,00
2026-06-08 14:27:40.714;Velocity;1725;1;0,0374;9,4021;0,40;106,4;4,00
2026-06-08 14:27:40.714;Current;1725;1;0,0209;9,4021;0,22;106,4;0,00
2026-06-08 14:27:40.715;Torque;1725;1;0,0107;9,4021;0,11;106,4;4,00
2026-06-08 14:27:40.741;Velocity;1727;1;0,0373;10,0493;0,37;99,5;4,00
2026-06-08 14:27:40.742;Current;1727;1;0,0239;10,0493;0,24;99,5;0,00
2026-06-08 14:27:40.743;Torque;1727;1;0,0075;10,0493;0,07;99,5;0,00
2026-06-08 14:27:40.768;Velocity;1729;1;0,0330;9,3958;0,35;106,4;0,00
2026-06-08 14:27:40.769;Current;1729;1;0,0240;9,3958;0,26;106,4;4,00
2026-06-08 14:27:40.769;Torque;1729;1;0,0085;9,3958;0,09;106,4;4,00
2026-06-08 14:27:40.796;Velocity;1731;1;0,0315;9,1340;0,34;109,5;0,00
2026-06-08 14:27:40.797;Current;1731;1;0,0305;9,1340;0,33;109,5;4,00
2026-06-08 14:27:40.797;Torque;1731;1;0,0078;9,1340;0,09;109,5;0,00
2026-06-08 14:27:40.824;Velocity;1733;1;0,0334;9,1591;0,36;109,2;0,00
2026-06-08 14:27:40.824;Current;1733;1;0,0206;9,1591;0,22;109,2;4,00
2026-06-08 14:27:40.825;Torque;1733;1;0,0092;9,1591;0,10;109,2;4,00
2026-06-08 14:27:40.852;Velocity;1735;1;0,0326;9,3438;0,35;107,0;0,00
2026-06-08 14:27:40.852;Current;1735;1;0,0291;9,3438;0,31;107,0;0,00
2026-06-08 14:27:40.853;Torque;1735;1;0,0111;9,3438;0,12;107,0;4,00
2026-06-08 14:27:40.880;Velocity;1737;1;0,0333;9,2193;0,36;108,5;0,00
2026-06-08 14:27:40.880;Current;1737;1;0,0201;9,2193;0,22;108,5;0,00
2026-06-08 14:27:40.881;Torque;1737;1;0,0131;9,2193;0,14;108,5;4,00
2026-06-08 14:27:40.907;Velocity;1739;1;0,0316;9,5111;0,33;105,1;0,00
2026-06-08 14:27:40.908;Current;1739;1;0,0208;9,5111;0,22;105,1;4,00
2026-06-08 14:27:40.908;Torque;1739;1;0,0079;9,5111;0,08;105,1;4,00
2026-06-08 14:27:40.936;Velocity;1741;1;0,0333;9,5214;0,35;105,0;0,00
2026-06-08 14:27:40.937;Current;1741;1;0,0325;9,5214;0,34;105,0;0,00
2026-06-08 14:27:40.938;Torque;1741;1;0,0119;9,5214;0,12;105,0;8,00
2026-06-08 14:27:40.965;Velocity;1743;1;0,0331;10,2559;0,32;97,5;0,00
2026-06-08 14:27:40.965;Current;1743;1;0,0230;10,2559;0,22;97,5;0,00
2026-06-08 14:27:40.966;Torque;1743;1;0,0090;10,2559;0,09;97,5;0,00
2026-06-08 14:27:40.991;Velocity;1745;1;0,0323;9,1833;0,35;108,9;0,00
2026-06-08 14:27:40.991;Current;1745;1;0,0215;9,1833;0,23;108,9;0,00
2026-06-08 14:27:40.992;Torque;1745;1;0,0084;9,1833;0,09;108,9;0,00
2026-06-08 14:27:41.019;Velocity;1747;1;0,0337;9,7494;0,35;102,6;0,00
2026-06-08 14:27:41.020;Current;1747;1;0,0259;9,7494;0,27;102,6;0,00
2026-06-08 14:27:41.020;Torque;1747;1;0,0073;9,7494;0,07;102,6;0,00
2026-06-08 14:27:41.046;Velocity;1749;1;0,0375;9,6657;0,39;103,5;4,00
2026-06-08 14:27:41.047;Current;1749;1;0,0189;9,6657;0,20;103,5;0,00
2026-06-08 14:27:41.047;Torque;1749;1;0,0095;9,6657;0,10;103,5;4,00
2026-06-08 14:27:41.074;Velocity;1751;1;0,0370;9,2064;0,40;108,6;4,00
2026-06-08 14:27:41.075;Current;1751;1;0,0193;9,2064;0,21;108,6;0,00
2026-06-08 14:27:41.075;Torque;1751;1;0,0071;9,2064;0,08;108,6;0,00
2026-06-08 14:27:41.102;Velocity;1753;1;0,0382;9,4799;0,40;105,5;4,00
2026-06-08 14:27:41.103;Current;1753;1;0,0207;9,4799;0,22;105,5;0,00
2026-06-08 14:27:41.103;Torque;1753;1;0,0082;9,4799;0,09;105,5;0,00
2026-06-08 14:27:41.130;Velocity;1755;1;0,0343;9,3411;0,37;107,1;8,00
2026-06-08 14:27:41.131;Current;1755;1;0,0177;9,3411;0,19;107,1;0,00
2026-06-08 14:27:41.131;Torque;1755;1;0,0066;9,3411;0,07;107,1;0,00
2026-06-08 14:27:41.159;Velocity;1757;1;0,0333;9,3962;0,35;106,4;0,00
2026-06-08 14:27:41.160;Current;1757;1;0,0754;9,3962;0,80;106,4;4,00
2026-06-08 14:27:41.160;Torque;1757;1;0,0210;9,3962;0,22;106,4;8,00
2026-06-08 14:27:41.187;Velocity;1759;1;0,0337;10,6568;0,32;93,8;0,00
2026-06-08 14:27:41.188;Current;1759;1;0,0347;10,6568;0,33;93,8;4,00
2026-06-08 14:27:41.189;Torque;1759;1;0,0083;10,6568;0,08;93,8;0,00
2026-06-08 14:27:41.215;Velocity;1761;1;0,0346;9,4213;0,37;106,1;0,00
2026-06-08 14:27:41.216;Current;1761;1;0,0435;9,4213;0,46;106,1;4,00
2026-06-08 14:27:41.216;Torque;1761;1;0,0081;9,4213;0,09;106,1;0,00
2026-06-08 14:27:41.242;Velocity;1763;1;0,0320;9,0970;0,35;109,9;0,00
2026-06-08 14:27:41.243;Current;1763;1;0,0322;9,0970;0,35;109,9;4,00
2026-06-08 14:27:41.243;Torque;1763;1;0,0083;9,0970;0,09;109,9;0,00
2026-06-08 14:27:41.269;Velocity;1765;1;0,0317;9,4099;0,34;106,3;0,00
2026-06-08 14:27:41.270;Current;1765;1;0,0192;9,4099;0,20;106,3;0,00
2026-06-08 14:27:41.270;Torque;1765;1;0,0251;9,4099;0,27;106,3;8,00
2026-06-08 14:27:41.297;Velocity;1767;1;0,0319;9,3453;0,34;107,0;0,00
2026-06-08 14:27:41.298;Current;1767;1;0,0329;9,3453;0,35;107,0;4,00
2026-06-08 14:27:41.298;Torque;1767;1;0,0170;9,3453;0,18;107,0;4,00
2026-06-08 14:27:41.325;Velocity;1769;1;0,0312;9,6782;0,32;103,3;0,00
2026-06-08 14:27:41.325;Current;1769;1;0,0194;9,6782;0,20;103,3;0,00
2026-06-08 14:27:41.326;Torque;1769;1;0,0308;9,6782;0,32;103,3;4,00
2026-06-08 14:27:41.352;Velocity;1771;1;0,0337;9,3209;0,36;107,3;0,00
2026-06-08 14:27:41.353;Current;1771;1;0,0178;9,3209;0,19;107,3;0,00
2026-06-08 14:27:41.354;Torque;1771;1;0,0079;9,3209;0,08;107,3;0,00
2026-06-08 14:27:41.382;Velocity;1773;1;0,0317;9,4984;0,33;105,3;0,00
2026-06-08 14:27:41.382;Current;1773;1;0,0214;9,4984;0,23;105,3;0,00
2026-06-08 14:27:41.383;Torque;1773;1;0,0183;9,4984;0,19;105,3;4,00
2026-06-08 14:27:41.413;Velocity;1775;1;0,0450;11,8923;0,38;84,1;0,00
2026-06-08 14:27:41.413;Current;1775;1;0,0262;11,8923;0,22;84,1;0,00
2026-06-08 14:27:41.414;Torque;1775;1;0,0084;11,8923;0,07;84,1;0,00
2026-06-08 14:27:41.450;Velocity;1777;1;0,0420;10,7146;0,39;93,3;4,00
2026-06-08 14:27:41.450;Current;1777;1;0,0233;10,7146;0,22;93,3;0,00
2026-06-08 14:27:41.451;Torque;1777;1;0,0120;10,7146;0,11;93,3;0,00
2026-06-08 14:27:41.479;Velocity;1779;1;0,0470;9,6523;0,49;103,6;0,00
2026-06-08 14:27:41.479;Current;1779;1;0,0301;9,6523;0,31;103,6;0,00
2026-06-08 14:27:41.480;Torque;1779;1;0,0099;9,6523;0,10;103,6;0,00
2026-06-08 14:27:41.520;Velocity;1781;1;0,0403;18,3425;0,22;54,5;0,00
2026-06-08 14:27:41.520;Current;1781;1;0,0257;18,3425;0,14;54,5;0,00
2026-06-08 14:27:41.521;Torque;1781;1;0,0126;18,3425;0,07;54,5;4,00
2026-06-08 14:27:41.549;Velocity;1783;1;0,0389;10,0576;0,39;99,4;0,00
2026-06-08 14:27:41.549;Current;1783;1;0,0244;10,0576;0,24;99,4;0,00
2026-06-08 14:27:41.550;Torque;1783;1;0,0108;10,0576;0,11;99,4;0,00
2026-06-08 14:27:41.590;Velocity;1785;1;0,0371;19,7597;0,19;50,6;0,00
2026-06-08 14:27:41.591;Current;1785;1;0,0319;19,7597;0,16;50,6;0,00
2026-06-08 14:27:41.592;Torque;1785;1;0,0149;19,7597;0,08;50,6;4,00
2026-06-08 14:27:41.632;Velocity;1787;1;0,0375;19,0508;0,20;52,5;0,00
2026-06-08 14:27:41.633;Current;1787;1;0,0304;19,0508;0,16;52,5;0,00
2026-06-08 14:27:41.633;Torque;1787;1;0,0099;19,0508;0,05;52,5;0,00
2026-06-08 14:27:41.673;Velocity;1789;1;0,0361;19,2956;0,19;51,8;0,00
2026-06-08 14:27:41.674;Current;1789;1;0,0227;19,2956;0,12;51,8;0,00
2026-06-08 14:27:41.674;Torque;1789;1;0,0110;19,2956;0,06;51,8;4,00
2026-06-08 14:27:41.704;Velocity;1791;1;0,0372;11,5987;0,32;86,2;0,00
2026-06-08 14:27:41.705;Current;1791;1;0,0354;11,5987;0,31;86,2;0,00
2026-06-08 14:27:41.705;Torque;1791;1;0,0083;11,5987;0,07;86,2;0,00
2026-06-08 14:27:41.742;Velocity;1793;1;0,0355;16,1937;0,22;61,8;0,00
2026-06-08 14:27:41.742;Current;1793;1;0,0230;16,1937;0,14;61,8;0,00
2026-06-08 14:27:41.743;Torque;1793;1;0,0112;16,1937;0,07;61,8;0,00
2026-06-08 14:27:41.770;Velocity;1795;1;0,0355;9,7281;0,36;102,8;0,00
2026-06-08 14:27:41.771;Current;1795;1;0,0229;9,7281;0,24;102,8;4,00
2026-06-08 14:27:41.771;Torque;1795;1;0,0088;9,7281;0,09;102,8;0,00
2026-06-08 14:27:41.799;Velocity;1797;1;0,0381;9,2122;0,41;108,6;0,00
2026-06-08 14:27:41.799;Current;1797;1;0,0262;9,2122;0,28;108,6;0,00
2026-06-08 14:27:41.800;Torque;1797;1;0,0116;9,2122;0,13;108,6;4,00
2026-06-08 14:27:41.826;Velocity;1799;1;0,0377;9,6609;0,39;103,5;0,00
2026-06-08 14:27:41.827;Current;1799;1;0,0300;9,6609;0,31;103,5;0,00
2026-06-08 14:27:41.827;Torque;1799;1;0,0103;9,6609;0,11;103,5;0,00
2026-06-08 14:27:41.854;Velocity;1801;1;0,0480;9,5847;0,50;104,3;0,00
2026-06-08 14:27:41.854;Current;1801;1;0,0289;9,5847;0,30;104,3;4,00
2026-06-08 14:27:41.855;Torque;1801;1;0,0102;9,5847;0,11;104,3;0,00
2026-06-08 14:27:41.881;Velocity;1803;1;0,0310;9,4596;0,33;105,7;0,00
2026-06-08 14:27:41.881;Current;1803;1;0,0243;9,4596;0,26;105,7;4,00
2026-06-08 14:27:41.882;Torque;1803;1;0,0087;9,4596;0,09;105,7;0,00
2026-06-08 14:27:41.909;Velocity;1805;1;0,0370;9,6451;0,38;103,7;4,00
2026-06-08 14:27:41.909;Current;1805;1;0,0187;9,6451;0,19;103,7;0,00
2026-06-08 14:27:41.910;Torque;1805;1;0,0130;9,6451;0,13;103,7;8,00
2026-06-08 14:27:41.937;Velocity;1807;1;0,0324;9,8699;0,33;101,3;0,00
2026-06-08 14:27:41.938;Current;1807;1;0,0202;9,8699;0,20;101,3;0,00
2026-06-08 14:27:41.938;Torque;1807;1;0,0118;9,8699;0,12;101,3;4,00
2026-06-08 14:27:41.964;Velocity;1809;1;0,0319;9,6574;0,33;103,5;0,00
2026-06-08 14:27:41.965;Current;1809;1;0,0175;9,6574;0,18;103,5;0,00
2026-06-08 14:27:41.965;Torque;1809;1;0,0129;9,6574;0,13;103,5;4,00
2026-06-08 14:27:41.991;Velocity;1811;1;0,0313;9,5847;0,33;104,3;0,00
2026-06-08 14:27:41.991;Current;1811;1;0,0190;9,5847;0,20;104,3;0,00
2026-06-08 14:27:41.992;Torque;1811;1;0,0093;9,5847;0,10;104,3;0,00
2026-06-08 14:27:42.018;Velocity;1813;1;0,0311;9,7951;0,32;102,1;0,00
2026-06-08 14:27:42.019;Current;1813;1;0,0206;9,7951;0,21;102,1;0,00
2026-06-08 14:27:42.019;Torque;1813;1;0,0124;9,7951;0,13;102,1;8,00
2026-06-08 14:27:42.044;Velocity;1815;1;0,0314;9,2022;0,34;108,7;0,00
2026-06-08 14:27:42.045;Current;1815;1;0,0165;9,2022;0,18;108,7;0,00
2026-06-08 14:27:42.045;Torque;1815;1;0,0090;9,2022;0,10;108,7;0,00
2026-06-08 14:27:42.071;Velocity;1817;1;0,0315;9,6149;0,33;104,0;0,00
2026-06-08 14:27:42.072;Current;1817;1;0,0176;9,6149;0,18;104,0;0,00
2026-06-08 14:27:42.072;Torque;1817;1;0,0079;9,6149;0,08;104,0;0,00
2026-06-08 14:27:42.097;Velocity;1819;1;0,0362;9,0088;0,40;111,0;4,00
2026-06-08 14:27:42.098;Current;1819;1;0,0237;9,0088;0,26;111,0;0,00
2026-06-08 14:27:42.098;Torque;1819;1;0,0072;9,0088;0,08;111,0;0,00
2026-06-08 14:27:42.124;Velocity;1821;1;0,0405;9,0892;0,45;110,0;4,00
2026-06-08 14:27:42.125;Current;1821;1;0,0158;9,0892;0,17;110,0;0,00
2026-06-08 14:27:42.125;Torque;1821;1;0,0105;9,0892;0,12;110,0;4,00
2026-06-08 14:27:42.149;Velocity;1823;1;0,0345;8,0660;0,43;124,0;4,00
2026-06-08 14:27:42.150;Current;1823;1;0,0186;8,0660;0,23;124,0;4,00
2026-06-08 14:27:42.150;Torque;1823;1;0,0073;8,0660;0,09;124,0;0,00
2026-06-08 14:27:42.177;Velocity;1825;1;0,0399;9,4208;0,42;106,1;4,00
2026-06-08 14:27:42.178;Current;1825;1;0,0158;9,4208;0,17;106,1;0,00
2026-06-08 14:27:42.178;Torque;1825;1;0,0064;9,4208;0,07;106,1;0,00
2026-06-08 14:27:42.206;Velocity;1827;1;0,0283;10,0026;0,28;100,0;0,00
2026-06-08 14:27:42.206;Current;1827;1;0,0218;10,0026;0,22;100,0;4,00
2026-06-08 14:27:42.207;Torque;1827;1;0,0055;10,0026;0,05;100,0;0,00
2026-06-08 14:27:42.233;Velocity;1829;1;0,0287;9,0004;0,32;111,1;0,00
2026-06-08 14:27:42.234;Current;1829;1;0,0194;9,0004;0,22;111,1;4,00
2026-06-08 14:27:42.234;Torque;1829;1;0,0074;9,0004;0,08;111,1;4,00
2026-06-08 14:27:42.261;Velocity;1831;1;0,0293;9,1134;0,32;109,7;0,00
2026-06-08 14:27:42.261;Current;1831;1;0,0183;9,1134;0,20;109,7;4,00
2026-06-08 14:27:42.262;Torque;1831;1;0,0059;9,1134;0,06;109,7;0,00
2026-06-08 14:27:42.289;Velocity;1833;1;0,0352;10,2283;0,34;97,8;4,00
2026-06-08 14:27:42.289;Current;1833;1;0,0134;10,2283;0,13;97,8;0,00
2026-06-08 14:27:42.289;Torque;1833;1;0,0074;10,2283;0,07;97,8;4,00
2026-06-08 14:27:42.316;Velocity;1835;1;0,0318;9,6701;0,33;103,4;0,00
2026-06-08 14:27:42.317;Current;1835;1;0,0194;9,6701;0,20;103,4;0,00
2026-06-08 14:27:42.317;Torque;1835;1;0,0130;9,6701;0,13;103,4;4,00
2026-06-08 14:27:42.345;Velocity;1837;1;0,0292;9,9523;0,29;100,5;0,00
2026-06-08 14:27:42.345;Current;1837;1;0,0129;9,9523;0,13;100,5;0,00
2026-06-08 14:27:42.346;Torque;1837;1;0,0118;9,9523;0,12;100,5;8,00
2026-06-08 14:27:42.372;Velocity;1839;1;0,0288;9,0375;0,32;110,7;0,00
2026-06-08 14:27:42.372;Current;1839;1;0,0165;9,0375;0,18;110,7;0,00
2026-06-08 14:27:42.373;Torque;1839;1;0,0061;9,0375;0,07;110,7;0,00
2026-06-08 14:27:42.400;Velocity;1841;1;0,0747;10,1981;0,73;98,1;0,00
2026-06-08 14:27:42.401;Current;1841;1;0,0141;10,1981;0,14;98,1;0,00
2026-06-08 14:27:42.401;Torque;1841;1;0,0103;10,1981;0,10;98,1;4,00
2026-06-08 14:27:42.427;Velocity;1843;1;0,0330;9,8139;0,34;101,9;0,00
2026-06-08 14:27:42.428;Current;1843;1;0,0132;9,8139;0,13;101,9;0,00
2026-06-08 14:27:42.428;Torque;1843;1;0,0053;9,8139;0,05;101,9;0,00
2026-06-08 14:27:42.455;Velocity;1845;1;0,0298;10,4688;0,28;95,5;0,00
2026-06-08 14:27:42.456;Current;1845;1;0,0167;10,4688;0,16;95,5;0,00
2026-06-08 14:27:42.456;Torque;1845;1;0,0092;10,4688;0,09;95,5;4,00
2026-06-08 14:27:42.484;Velocity;1847;1;0,0285;10,0731;0,28;99,3;0,00
2026-06-08 14:27:42.484;Current;1847;1;0,0144;10,0731;0,14;99,3;0,00
2026-06-08 14:27:42.485;Torque;1847;1;0,0078;10,0731;0,08;99,3;0,00
2026-06-08 14:27:42.511;Velocity;1849;1;0,0336;9,2153;0,36;108,5;4,00
2026-06-08 14:27:42.512;Current;1849;1;0,0136;9,2153;0,15;108,5;0,00
2026-06-08 14:27:42.512;Torque;1849;1;0,0064;9,2153;0,07;108,5;0,00
2026-06-08 14:27:42.539;Velocity;1851;1;0,0347;10,3050;0,34;97,0;4,00
2026-06-08 14:27:42.540;Current;1851;1;0,0172;10,3050;0,17;97,0;4,00
2026-06-08 14:27:42.540;Torque;1851;1;0,0058;10,3050;0,06;97,0;0,00
2026-06-08 14:27:42.566;Velocity;1853;1;0,0347;9,6373;0,36;103,8;4,00
2026-06-08 14:27:42.567;Current;1853;1;0,0128;9,6373;0,13;103,8;0,00
2026-06-08 14:27:42.567;Torque;1853;1;0,0086;9,6373;0,09;103,8;4,00
2026-06-08 14:27:42.594;Velocity;1855;1;0,0301;10,8545;0,28;92,1;0,00
2026-06-08 14:27:42.595;Current;1855;1;0,0200;10,8545;0,18;92,1;4,00
2026-06-08 14:27:42.595;Torque;1855;1;0,0058;10,8545;0,05;92,1;0,00
2026-06-08 14:27:42.622;Velocity;1857;1;0,0307;10,6148;0,29;94,2;0,00
2026-06-08 14:27:42.623;Current;1857;1;0,0205;10,6148;0,19;94,2;4,00
2026-06-08 14:27:42.623;Torque;1857;1;0,0063;10,6148;0,06;94,2;0,00
2026-06-08 14:27:42.650;Velocity;1859;1;0,0295;9,7794;0,30;102,3;0,00
2026-06-08 14:27:42.651;Current;1859;1;0,0189;9,7794;0,19;102,3;4,00
2026-06-08 14:27:42.651;Torque;1859;1;0,0078;9,7794;0,08;102,3;0,00
2026-06-08 14:27:42.678;Velocity;1861;1;0,0348;9,6134;0,36;104,0;4,00
2026-06-08 14:27:42.678;Current;1861;1;0,0174;9,6134;0,18;104,0;4,00
2026-06-08 14:27:42.679;Torque;1861;1;0,0080;9,6134;0,08;104,0;4,00
2026-06-08 14:27:42.705;Velocity;1863;1;0,0313;10,7054;0,29;93,4;0,00
2026-06-08 14:27:42.706;Current;1863;1;0,0182;10,7054;0,17;93,4;0,00
2026-06-08 14:27:42.706;Torque;1863;1;0,0102;10,7054;0,10;93,4;4,00
2026-06-08 14:27:42.733;Velocity;1865;1;0,0290;10,6684;0,27;93,7;0,00
2026-06-08 14:27:42.733;Current;1865;1;0,0249;10,6684;0,23;93,7;0,00
2026-06-08 14:27:42.734;Torque;1865;1;0,0121;10,6684;0,11;93,7;4,00
2026-06-08 14:27:42.761;Velocity;1867;1;0,0299;10,9736;0,27;91,1;0,00
2026-06-08 14:27:42.762;Current;1867;1;0,0140;10,9736;0,13;91,1;0,00
2026-06-08 14:27:42.762;Torque;1867;1;0,0102;10,9736;0,09;91,1;4,00
2026-06-08 14:27:42.789;Velocity;1869;1;0,0280;10,9870;0,25;91,0;0,00
2026-06-08 14:27:42.789;Current;1869;1;0,0146;10,9870;0,13;91,0;0,00
2026-06-08 14:27:42.790;Torque;1869;1;0,0130;10,9870;0,12;91,0;8,00
2026-06-08 14:27:42.817;Velocity;1871;1;0,0337;11,3293;0,30;88,3;4,00
2026-06-08 14:27:42.817;Current;1871;1;0,0142;11,3293;0,13;88,3;0,00
2026-06-08 14:27:42.818;Torque;1871;1;0,0056;11,3293;0,05;88,3;0,00
2026-06-08 14:27:42.845;Velocity;1873;1;0,0285;10,8545;0,26;92,1;0,00
2026-06-08 14:27:42.845;Current;1873;1;0,0160;10,8545;0,15;92,1;0,00
2026-06-08 14:27:42.846;Torque;1873;1;0,0082;10,8545;0,08;92,1;0,00
2026-06-08 14:27:42.885;Velocity;1875;1;0,0285;21,1660;0,13;47,2;0,00
2026-06-08 14:27:42.886;Current;1875;1;0,0146;21,1660;0,07;47,2;0,00
2026-06-08 14:27:42.886;Torque;1875;1;0,0074;21,1660;0,03;47,2;0,00
2026-06-08 14:27:42.913;Velocity;1877;1;0,0325;8,4602;0,38;118,2;4,00
2026-06-08 14:27:42.914;Current;1877;1;0,0130;8,4602;0,15;118,2;0,00
2026-06-08 14:27:42.914;Torque;1877;1;0,0071;8,4602;0,08;118,2;4,00
2026-06-08 14:27:42.942;Velocity;1879;1;0,0333;8,5186;0,39;117,4;4,00
2026-06-08 14:27:42.942;Current;1879;1;0,0144;8,5186;0,17;117,4;4,00
2026-06-08 14:27:42.943;Torque;1879;1;0,0054;8,5186;0,06;117,4;0,00
2026-06-08 14:27:42.969;Velocity;1881;1;0,0429;8,6381;0,50;115,8;4,00
2026-06-08 14:27:42.970;Current;1881;1;0,0144;8,6381;0,17;115,8;0,00
2026-06-08 14:27:42.970;Torque;1881;1;0,0065;8,6381;0,08;115,8;0,00
2026-06-08 14:27:42.998;Velocity;1883;1;0,0400;8,4120;0,48;118,9;12,00
2026-06-08 14:27:42.998;Current;1883;1;0,0250;8,4120;0,30;118,9;8,00
2026-06-08 14:27:42.998;Torque;1883;1;0,0141;8,4120;0,17;118,9;8,00
2026-06-08 14:27:43.026;Velocity;1885;1;0,0284;9,1249;0,31;109,6;0,00
2026-06-08 14:27:43.026;Current;1885;1;0,0242;9,1249;0,27;109,6;4,00
2026-06-08 14:27:43.027;Torque;1885;1;0,0128;9,1249;0,14;109,6;4,00
2026-06-08 14:27:43.053;Velocity;1887;1;0,0642;8,0236;0,80;124,6;4,00
2026-06-08 14:27:43.053;Current;1887;1;0,0356;8,0236;0,44;124,6;4,00
2026-06-08 14:27:43.054;Torque;1887;1;0,0076;8,0236;0,09;124,6;0,00
2026-06-08 14:27:43.081;Velocity;1889;1;0,0517;8,1476;0,63;122,7;4,00
2026-06-08 14:27:43.082;Current;1889;1;0,0262;8,1476;0,32;122,7;4,00
2026-06-08 14:27:43.082;Torque;1889;1;0,0072;8,1476;0,09;122,7;0,00
2026-06-08 14:27:43.108;Velocity;1891;1;0,0309;7,8511;0,39;127,4;4,00
2026-06-08 14:27:43.109;Current;1891;1;0,0151;7,8511;0,19;127,4;0,00
2026-06-08 14:27:43.109;Torque;1891;1;0,0180;7,8511;0,23;127,4;4,00
2026-06-08 14:27:43.138;Velocity;1893;1;0,0350;8,5924;0,41;116,4;0,00
2026-06-08 14:27:43.138;Current;1893;1;0,0203;8,5924;0,24;116,4;0,00
2026-06-08 14:27:43.139;Torque;1893;1;0,0249;8,5924;0,29;116,4;8,00
2026-06-08 14:27:43.165;Velocity;1895;1;0,0632;9,3952;0,67;106,4;4,00
2026-06-08 14:27:43.165;Current;1895;1;0,0185;9,3952;0,20;106,4;0,00
2026-06-08 14:27:43.166;Torque;1895;1;0,0192;9,3952;0,20;106,4;4,00
