"Date","Time","Millisecond","Prędkość [m/min]","Prąd - składowa rzeczywista [A]","Obciążenie [%]","Moment obrotowy [kNm]","Siła nacisku - strona prawa [kN]","Siła nacisku - strona lewa [kN]","Nastawa pionowa walca - strona prawa  [mm]","Nastawa pionowa walca - strona lewa [mm]","Temperatura wlewka przed walcarką [C]","Temperatura wlewka za walcarką [C]"
"2025/05/26","13:57:04",789,"0.000","-1.133","-0.515","-0.783","137.283","62.695","21.314","21.463","300.0","300.0"
"2025/05/26","13:57:04",907,"0.000","-0.145","-0.119","-0.181","137.283","62.695","21.314","21.463","300.0","300.0"
"2025/05/26","13:57:04",971,"0.000","-0.034","-0.027","-0.042","137.283","62.695","21.314","21.464","300.0","300.0"
"2025/05/26","13:57:05",122,"0.000","-0.242","-0.083","-0.010","137.283","62.695","21.314","21.463","300.0","300.0"
"2025/05/26","13:57:05",190,"0.000","0.294","0.135","-0.002","137.283","62.695","21.314","21.463","300.0","300.0"
"2025/05/26","13:57:05",289,"-0.128","-1.101","-0.507","-0.001","137.283","62.674","21.314","21.463","300.0","300.0"
"2025/05/26","13:57:05",390,"-0.387","-9.019","-4.271","-0.000","137.283","62.674","21.315","21.463","300.0","300.0"
"2025/05/26","13:57:05",506,"-0.820","-94.045","-44.986","-0.000","137.348","62.674","21.315","21.464","300.0","300.0"
"2025/05/26","13:57:05",607,"-1.003","-250.386","-120.074","-98.377","137.348","62.652","21.314","21.463","300.0","300.0"
"2025/05/26","13:57:05",707,"-1.051","-286.931","-137.786","-122.210","137.348","62.652","21.314","21.464","300.0","300.0"
"2025/05/26","13:57:05",822,"-1.478","-191.249","-91.797","-82.479","137.348","62.652","21.314","21.463","300.0","300.0"
"2025/05/26","13:57:05",923,"-1.916","-154.444","-74.799","-66.526","137.348","62.652","21.315","21.463","300.0","300.0"
"2025/05/26","13:57:06",23,"-2.354","-71.165","-34.261","-30.052","137.370","62.652","21.315","21.464","300.0","300.0"
"2025/05/26","13:57:06",107,"-2.793","-52.531","-25.368","-21.635","137.370","62.652","21.314","21.463","300.0","300.0"
"2025/05/26","13:57:06",223,"-3.231","-49.983","-23.931","-20.823","137.370","62.652","21.314","21.463","300.0","300.0"
"2025/05/26","13:57:06",306,"-3.669","-48.227","-23.215","-19.505","137.370","62.652","21.314","21.463","300.0","300.0"
"2025/05/26","13:57:06",440,"-4.108","-41.979","-20.280","-16.940","137.370","62.652","21.314","21.463","300.0","300.0"
"2025/05/26","13:57:06",523,"-4.546","-39.719","-19.219","-15.217","137.391","62.652","21.314","21.463","300.0","300.0"
"2025/05/26","13:57:06",655,"-4.985","-45.741","-22.204","-18.212","137.391","62.630","21.315","21.463","300.0","300.0"
"2025/05/26","13:57:06",723,"-5.423","-39.185","-18.739","-15.510","137.391","62.630","21.314","21.462","300.0","300.0"
"2025/05/26","13:57:06",855,"-5.861","-43.047","-20.555","-18.279","137.391","62.609","21.314","21.463","300.0","300.0"
"2025/05/26","13:57:06",938,"-6.300","-51.885","-24.513","-22.311","137.391","62.609","21.314","21.463","300.0","300.0"
"2025/05/26","13:57:07",39,"-6.738","-28.800","-13.734","-10.802","137.391","62.609","21.315","21.463","300.0","300.0"
"2025/05/26","13:57:07",138,"-7.177","-55.375","-26.631","-22.847","137.391","62.609","21.314","21.463","300.0","300.0"
"2025/05/26","13:57:07",239,"-7.615","-45.381","-21.530","-17.711","137.391","62.609","21.313","21.463","300.0","300.0"
"2025/05/26","13:57:07",339,"-8.053","-23.327","-11.122","-9.741","137.413","62.630","21.314","21.462","300.0","300.0"
"2025/05/26","13:57:07",421,"-8.492","-52.826","-25.490","-22.602","137.413","62.630","21.313","21.462","300.0","300.0"
"2025/05/26","13:57:07",556,"-9.369","-25.960","-12.375","-11.033","137.435","62.630","21.314","21.463","300.0","300.0"
"2025/05/26","13:57:07",655,"-9.369","-25.960","-12.375","-11.033","137.435","62.630","21.313","21.463","300.0","300.0"
"2025/05/26","13:57:07",756,"-10.245","-55.783","-26.677","-24.073","137.435","62.652","21.313","21.463","300.0","300.0"
"2025/05/26","13:57:07",855,"-10.684","-48.748","-23.310","-20.255","137.435","62.652","21.314","21.463","300.0","300.0"
"2025/05/26","13:57:07",956,"-11.122","-38.476","-18.456","-15.982","137.391","62.652","21.313","21.463","300.0","300.0"
"2025/05/26","13:57:08",55,"-11.561","-40.196","-19.259","-16.127","137.391","62.695","21.313","21.463","300.0","300.0"
"2025/05/26","13:57:08",173,"-11.999","-47.254","-22.598","-19.552","137.391","62.695","21.313","21.463","300.0","300.0"
"2025/05/26","13:57:08",256,"-11.999","-47.254","-22.598","-19.552","137.391","62.695","21.313","21.462","300.0","300.0"
"2025/05/26","13:57:08",372,"-12.533","-35.218","-16.819","-14.089","137.391","62.717","21.313","21.463","300.0","300.0"
"2025/05/26","13:57:08",506,"-12.581","-27.058","-12.881","-11.167","137.413","62.717","21.313","21.462","300.0","300.0"
"2025/05/26","13:57:08",555,"-12.539","-22.253","-10.588","-8.231","137.413","62.760","21.313","21.462","300.0","300.0"
"2025/05/26","13:57:08",707,"-12.581","-22.781","-10.828","-8.684","137.435","62.760","21.313","21.463","300.0","300.0"
"2025/05/26","13:57:08",839,"-12.582","-27.226","-12.960","-11.050","137.435","62.782","21.314","21.460","300.0","300.0"
"2025/05/26","13:57:08",888,"-12.582","-26.031","-12.452","-10.465","137.435","62.782","21.314","21.461","300.0","300.0"
"2025/05/26","13:57:09",6,"-12.582","-24.003","-11.489","-9.200","137.457","62.782","21.313","21.461","300.0","300.0"
"2025/05/26","13:57:09",105,"-12.582","-22.483","-10.728","-8.908","137.457","62.782","21.314","21.461","300.0","300.0"
"2025/05/26","13:57:09",188,"-12.582","-27.508","-13.168","-11.102","137.478","62.782","21.314","21.462","300.0","300.0"
"2025/05/26","13:57:09",273,"-12.582","-25.513","-12.039","-10.477","137.478","62.739","21.314","21.462","300.0","300.0"
"2025/05/26","13:57:09",423,"-12.582","-22.131","-10.547","-8.072","137.478","62.739","21.314","21.462","300.0","300.0"
"2025/05/26","13:57:09",490,"-12.582","-23.570","-11.280","-8.647","137.457","62.739","21.315","21.462","300.0","300.0"
"2025/05/26","13:57:09",589,"-12.582","-25.655","-12.219","-9.911","137.457","62.739","21.315","21.462","300.0","300.0"
"2025/05/26","13:57:09",690,"-12.582","-24.267","-11.589","-9.072","137.478","62.739","21.315","21.462","300.0","300.0"
"2025/05/26","13:57:09",789,"-12.582","-23.362","-11.136","-8.878","137.478","62.739","21.316","21.463","300.0","300.0"
"2025/05/26","13:57:09",888,"-12.582","-25.257","-12.185","-9.964","137.478","62.739","21.316","21.463","300.0","300.0"
"2025/05/26","13:57:09",989,"-12.582","-25.343","-12.120","-10.215","137.500","62.717","21.316","21.463","300.0","300.0"
"2025/05/26","13:57:10",105,"-12.582","-25.247","-12.028","-10.273","137.500","62.717","21.316","21.463","300.0","300.0"
"2025/05/26","13:57:10",221,"-12.582","-24.055","-11.545","-9.155","137.522","62.717","21.317","21.462","300.0","300.0"
"2025/05/26","13:57:10",305,"-12.582","-23.314","-11.433","-8.897","137.522","62.739","21.316","21.462","300.0","300.0"
"2025/05/26","13:57:10",405,"-12.582","-23.726","-11.408","-8.838","137.522","62.739","21.317","21.463","300.0","300.0"
"2025/05/26","13:57:10",506,"-12.582","-25.458","-12.094","-9.955","137.543","62.739","21.317","21.462","300.0","300.0"
"2025/05/26","13:57:10",638,"-12.582","-24.338","-11.637","-10.213","137.543","62.739","21.317","21.463","300.0","300.0"
"2025/05/26","13:57:10",723,"-12.582","-23.846","-11.455","-9.141","137.543","62.739","21.317","21.463","300.0","300.0"
"2025/05/26","13:57:10",855,"-12.582","-24.667","-11.720","-10.025","137.543","62.739","21.317","21.463","300.0","300.0"
"2025/05/26","13:57:10",940,"-12.582","-26.026","-12.397","-10.229","137.543","62.739","21.317","21.462","300.0","300.0"
"2025/05/26","13:57:11",55,"-12.582","-22.240","-10.560","-8.895","137.543","62.739","21.316","21.462","300.0","300.0"
"2025/05/26","13:57:11",154,"-12.582","-24.647","-11.745","-9.968","137.543","62.739","21.317","21.463","300.0","300.0"
"2025/05/26","13:57:11",223,"-12.582","-24.647","-11.745","-9.968","137.543","62.739","21.316","21.462","300.0","300.0"
"2025/05/26","13:57:11",322,"-12.582","-24.619","-11.710","-10.216","137.543","62.739","21.317","21.463","300.0","300.0"
"2025/05/26","13:57:11",456,"-12.582","-24.458","-11.576","-10.025","137.543","62.717","21.317","21.463","300.0","300.0"
"2025/05/26","13:57:11",555,"-12.582","-25.509","-12.133","-10.229","137.543","62.717","21.317","21.462","300.0","300.0"
"2025/05/26","13:57:11",655,"-12.582","-24.350","-11.492","-9.145","137.565","62.717","21.317","21.463","300.0","300.0"
"2025/05/26","13:57:11",773,"-12.582","-22.330","-10.652","-7.764","137.565","62.717","21.316","21.462","300.0","300.0"
"2025/05/26","13:57:11",888,"-12.582","-23.733","-11.535","-9.707","137.543","62.717","21.316","21.462","300.0","300.0"
"2025/05/26","13:57:11",971,"-12.582","-25.459","-12.200","-10.155","137.543","62.674","21.317","21.463","300.0","300.0"
"2025/05/26","13:57:12",72,"-12.582","-22.469","-10.662","-7.997","137.543","62.674","21.316","21.463","300.0","300.0"
"2025/05/26","13:57:12",188,"-12.582","-23.648","-11.307","-8.630","137.543","62.674","21.316","21.463","300.0","300.0"
"2025/05/26","13:57:12",273,"-12.582","-24.154","-11.609","-9.907","137.543","62.652","21.316","21.463","300.0","300.0"
"2025/05/26","13:57:12",388,"-12.582","-24.856","-11.910","-10.202","137.522","62.652","21.316","21.463","300.0","300.0"
"2025/05/26","13:57:12",522,"-12.582","-23.848","-11.210","-9.139","137.522","62.630","21.315","21.463","300.0","300.0"
"2025/05/26","13:57:12",655,"-12.582","-23.149","-10.972","-8.894","137.522","62.630","21.314","21.462","300.0","300.0"
"2025/05/26","13:57:12",805,"-12.582","-22.239","-10.572","-8.824","137.522","62.630","21.314","21.463","300.0","302.5"
"2025/05/26","13:57:12",905,"-12.582","-23.829","-11.209","-8.821","137.522","62.630","21.314","21.461","300.0","302.5"
"2025/05/26","13:57:12",971,"-12.582","-25.832","-12.279","-9.951","137.522","62.674","21.315","21.462","300.0","302.5"
"2025/05/26","13:57:13",105,"-12.582","-23.256","-11.218","-9.081","137.522","62.674","21.313","21.462","300.0","320.9"
"2025/05/26","13:57:13",206,"-12.582","-23.246","-11.204","-8.880","137.500","62.695","21.314","21.460","300.0","320.9"
"2025/05/26","13:57:13",322,"-12.582","-24.529","-11.816","-8.834","137.500","62.695","21.313","21.461","300.0","351.2"
"2025/05/26","13:57:13",423,"-12.582","-25.175","-11.958","-9.954","137.478","62.695","21.314","21.462","300.0","351.2"
"2025/05/26","13:57:13",505,"-12.582","-23.922","-11.452","-9.082","137.478","62.739","21.313","21.462","300.0","351.2"
"2025/05/26","13:57:13",588,"-12.582","-22.231","-10.566","-8.880","137.478","62.739","21.314","21.461","300.0","344.2"
"2025/05/26","13:57:13",721,"-12.582","-22.425","-10.669","-8.834","137.478","62.760","21.314","21.462","300.0","344.2"
"2025/05/26","13:57:13",838,"-12.582","-22.937","-10.924","-8.823","137.478","62.760","21.314","21.461","300.0","346.2"
"2025/05/26","13:57:13",905,"-12.582","-24.692","-11.905","-9.952","137.478","62.760","21.313","21.461","300.0","346.2"
"2025/05/26","13:57:14",6,"-12.582","-24.863","-11.901","-10.212","137.478","62.804","21.314","21.461","300.0","391.0"
"2025/05/26","13:57:14",138,"-12.582","-23.850","-11.362","-9.141","137.478","62.804","21.314","21.461","300.0","391.0"
"2025/05/26","13:57:14",239,"-12.582","-22.215","-10.545","-7.763","137.500","62.782","21.315","21.462","300.0","391.0"
"2025/05/26","13:57:14",322,"-12.582","-23.123","-11.049","-8.576","137.500","62.782","21.314","21.462","300.0","415.9"
"2025/05/26","13:57:14",438,"-12.582","-24.968","-12.088","-9.894","137.522","62.782","21.315","21.462","300.0","415.9"
"2025/05/26","13:57:14",523,"-12.582","-22.706","-10.867","-9.068","137.522","62.739","21.315","21.462","300.0","422.9"
"2025/05/26","13:57:14",640,"-12.582","-21.132","-10.123","-7.746","137.522","62.739","21.316","21.462","300.0","422.9"
"2025/05/26","13:57:14",721,"-12.582","-24.041","-11.413","-8.572","137.500","62.739","21.317","21.463","300.0","422.9"
"2025/05/26","13:57:14",838,"-12.582","-27.283","-13.018","-11.024","137.500","62.739","21.316","21.462","300.0","412.2"
"2025/05/26","13:57:14",921,"-12.582","-22.656","-10.773","-8.198","137.543","62.739","21.316","21.462","300.0","412.2"
"2025/05/26","13:57:15",39,"-12.582","-21.588","-10.255","-7.546","137.543","62.717","21.317","21.462","300.0","416.5"
"2025/05/26","13:57:15",121,"-12.582","-24.964","-11.905","-9.657","137.543","62.717","21.317","21.462","300.0","416.5"
"2025/05/26","13:57:15",239,"-12.582","-22.588","-10.824","-7.882","137.565","62.717","21.317","21.463","300.0","416.5"
"2025/05/26","13:57:15",421,"-12.582","-23.873","-11.423","-9.901","137.587","62.717","21.317","21.463","300.0","415.6"
"2025/05/26","13:57:15",456,"-12.582","-25.024","-11.944","-10.200","137.587","62.739","21.317","21.462","300.0","425.4"
"2025/05/26","13:57:15",555,"-12.582","-23.654","-11.295","-9.139","137.587","62.739","21.316","21.463","300.0","425.4"
"2025/05/26","13:57:15",654,"-12.582","-22.870","-10.991","-8.894","137.587","62.739","21.365","21.477","300.0","425.4"
"2025/05/26","13:57:15",756,"-12.582","-44.892","-21.459","-19.014","137.587","62.739","21.387","21.500","301.8","987.8"
"2025/05/26","13:57:15",871,"-12.582","-55.115","-26.491","-23.611","139.648","62.739","21.392","21.506","301.8","987.8"
"2025/05/26","13:57:15",971,"-12.582","-56.306","-27.036","-23.541","139.648","75.195","21.394","21.511","301.8","1010.7"
"2025/05/26","13:57:16",55,"-12.582","-55.178","-26.239","-23.525","222.808","75.195","21.393","21.511","390.6","1010.7"
"2025/05/26","13:57:16",190,"-12.582","-55.619","-26.517","-23.521","222.808","166.254","21.394","21.512","390.6","1010.7"
"2025/05/26","13:57:16",289,"-12.582","-57.474","-27.581","-24.651","222.808","166.254","21.395","21.512","870.8","989.9"
"2025/05/26","13:57:16",371,"-12.582","-56.733","-27.211","-23.781","248.351","166.254","21.395","21.514","870.8","989.9"
"2025/05/26","13:57:16",489,"-12.582","-58.548","-27.895","-23.580","248.351","178.234","21.396","21.514","870.8","984.3"
"2025/05/26","13:57:16",572,"-12.582","-57.332","-27.360","-23.534","251.931","178.234","21.396","21.515","881.9","984.3"
"2025/05/26","13:57:16",688,"-12.582","-56.934","-27.391","-23.523","251.931","182.118","21.397","21.514","881.9","984.3"
"2025/05/26","13:57:16",772,"-12.582","-58.946","-28.167","-24.652","251.931","182.118","21.397","21.515","869.3","996.7"
"2025/05/26","13:57:16",905,"-12.582","-61.046","-29.115","-24.912","258.941","182.118","21.397","21.515","869.3","996.7"
"2025/05/26","13:57:17",39,"-12.582","-57.441","-27.488","-23.841","258.941","186.133","21.398","21.516","869.3","918.8"
"2025/05/26","13:57:17",121,"-12.582","-58.829","-28.267","-24.725","261.372","186.133","21.398","21.516","881.8","918.8"
"2025/05/26","13:57:17",206,"-12.582","-59.617","-28.523","-24.929","261.372","188.498","21.397","21.516","881.8","918.8"
"2025/05/26","13:57:17",338,"-12.582","-59.798","-28.428","-23.845","261.372","188.498","21.394","21.513","920.9","627.0"
"2025/05/26","13:57:17",390,"-12.582","-41.962","-20.099","-16.810","261.089","187.565","21.386","21.501","920.9","627.0"
"2025/05/26","13:57:17",489,"-12.582","-26.510","-12.792","-10.664","261.089","187.565","21.365","21.473","920.9","394.5"
"2025/05/26","13:57:17",605,"-12.582","-24.230","-11.644","-9.246","238.780","187.565","21.366","21.470","904.0","394.5"
"2025/05/26","13:57:17",723,"-12.582","-23.003","-10.995","-7.787","238.780","135.243","21.366","21.471","904.0","394.5"
"2025/05/26","13:57:17",805,"-12.582","-22.486","-10.768","-7.451","238.780","135.243","21.367","21.472","837.7","305.8"
"2025/05/26","13:57:17",923,"-12.582","-23.418","-11.100","-9.635","145.378","65.017","21.367","21.472","837.7","305.8"
"2025/05/26","13:57:18",5,"-12.582","-23.984","-11.485","-10.139","145.378","65.017","21.368","21.472","837.7","300.0"
"2025/05/26","13:57:18",105,"-12.582","-23.180","-10.881","-7.994","143.620","65.017","21.367","21.471","911.5","300.0"
"2025/05/26","13:57:18",204,"-12.582","-22.293","-10.511","-7.499","143.620","65.082","21.367","21.473","911.5","300.0"
"2025/05/26","13:57:18",339,"-12.582","-23.841","-11.272","-9.646","143.620","65.082","21.368","21.473","937.5","300.0"
"2025/05/26","13:57:18",405,"-12.582","-23.381","-11.140","-9.011","143.533","65.169","21.367","21.472","937.5","300.0"
"2025/05/26","13:57:18",539,"-12.582","-22.807","-10.801","-7.733","143.533","65.169","21.367","21.472","937.5","300.0"
"2025/05/26","13:57:18",622,"-12.582","-22.441","-10.646","-7.438","143.468","65.169","21.367","21.472","954.7","300.0"
"2025/05/26","13:57:18",756,"-12.582","-24.343","-11.688","-9.632","143.468","65.191","21.367","21.471","954.7","300.0"
"2025/05/26","13:57:18",822,"-12.582","-23.497","-11.313","-9.007","143.468","65.191","21.368","21.473","961.7","300.0"
"2025/05/26","13:57:18",923,"-12.582","-21.665","-10.380","-7.732","143.424","65.234","21.367","21.472","961.7","300.0"
"2025/05/26","13:57:19",39,"-12.582","-22.294","-10.626","-8.569","143.424","65.234","21.367","21.472","961.7","300.0"
"2025/05/26","13:57:19",140,"-12.582","-23.842","-11.452","-8.762","143.381","65.234","21.367","21.472","967.9","300.0"
"2025/05/26","13:57:19",237,"-12.582","-23.030","-11.258","-8.807","143.381","65.256","21.368","21.471","967.9","300.0"
"2025/05/26","13:57:19",355,"-12.582","-22.375","-10.521","-8.817","143.381","65.256","21.367","21.472","970.5","300.0"
"2025/05/26","13:57:19",471,"-12.582","-23.871","-11.341","-8.820","143.381","65.256","21.367","21.472","968.4","300.0"
"2025/05/26","13:57:19",572,"-12.582","-23.855","-11.463","-8.820","143.359","65.256","21.368","21.472","968.4","300.0"
"2025/05/26","13:57:19",655,"-12.582","-22.449","-10.645","-8.820","143.359","65.234","21.368","21.472","968.4","300.0"
"2025/05/26","13:57:19",755,"-0.366","-5.180","-2.457","-2.035","143.359","65.234","21.368","21.472","450.8","300.0"
"2025/05/26","13:57:45",486,"0.000","-0.027","0.000","0.000","143.511","64.931","21.367","21.473","300.0","300.0"
"2025/05/26","13:57:45",572,"0.000","-0.123","0.000","0.000","143.511","64.931","21.367","21.473","300.0","300.0"
"2025/05/26","13:57:45",687,"0.000","3.243","1.615","-3.392","143.511","64.931","21.367","21.473","300.0","300.0"
"2025/05/26","13:57:45",786,"0.000","0.748","0.373","-0.783","143.511","64.931","21.368","21.473","300.0","300.0"
"2025/05/26","13:57:45",871,"-0.043","0.406","0.163","-0.181","143.511","64.931","21.367","21.473","300.0","300.0"
"2025/05/26","13:57:46",22,"-0.171","-1.076","-0.501","-0.042","143.511","64.931","21.368","21.472","300.0","300.0"
"2025/05/26","13:57:46",104,"-0.473","-10.648","-5.116","-0.010","143.511","64.931","21.367","21.473","300.0","300.0"
"2025/05/26","13:57:46",187,"-0.865","-106.223","-50.873","-0.002","143.511","64.931","21.367","21.473","300.0","300.0"
"2025/05/26","13:57:46",303,"-1.004","-255.884","-122.663","-99.508","143.511","64.931","21.367","21.473","300.0","300.0"
"2025/05/26","13:57:46",371,"-1.178","-262.609","-126.153","-111.163","143.511","64.931","21.367","21.473","300.0","300.0"
"2025/05/26","13:57:46",486,"-1.609","-211.811","-101.958","-91.238","143.511","64.931","21.368","21.473","300.0","300.0"
"2025/05/26","13:57:46",604,"-2.047","-115.603","-55.298","-48.193","143.511","64.931","21.366","21.473","300.0","300.0"
"2025/05/26","13:57:46",704,"-2.443","-61.617","-29.684","-25.822","143.511","64.931","21.367","21.473","300.0","300.0"
"2025/05/26","13:57:46",803,"-2.880","-53.365","-25.543","-20.659","143.511","64.909","21.368","21.473","300.0","300.0"
"2025/05/26","13:57:46",904,"-3.361","-44.100","-21.356","-18.337","143.511","64.909","21.367","21.472","300.0","300.0"
"2025/05/26","13:57:47",5,"-3.801","-42.312","-20.236","-17.801","143.511","64.909","21.367","21.473","300.0","300.0"
"2025/05/26","13:57:47",105,"-4.239","-41.666","-19.978","-16.546","143.511","64.909","21.367","21.473","300.0","300.0"
"2025/05/26","13:57:47",204,"-4.678","-44.321","-21.226","-18.518","143.511","64.909","21.367","21.473","300.0","300.0"
"2025/05/26","13:57:47",303,"-5.116","-39.442","-18.514","-15.581","143.490","64.909","21.367","21.473","300.0","300.0"
"2025/05/26","13:57:47",421,"-5.512","-44.977","-21.426","-18.296","143.490","64.909","21.367","21.473","300.0","300.0"
"2025/05/26","13:57:47",520,"-5.992","-35.503","-16.945","-14.399","143.490","64.909","21.367","21.472","300.0","300.0"
"2025/05/26","13:57:47",621,"-6.431","-51.780","-24.833","-21.415","143.490","64.909","21.367","21.473","300.0","300.0"
"2025/05/26","13:57:47",720,"-6.870","-33.802","-16.192","-12.857","143.490","64.909","21.367","21.473","300.0","300.0"
"2025/05/26","13:57:47",821,"-7.308","-36.197","-17.506","-14.275","143.490","64.909","21.367","21.473","300.0","300.0"
"2025/05/26","13:57:47",921,"-7.704","-55.212","-26.271","-21.386","143.490","64.909","21.368","21.473","300.0","300.0"
"2025/05/26","13:57:48",22,"-8.184","-29.568","-13.909","-10.589","143.490","64.909","21.367","21.473","300.0","300.0"
"2025/05/26","13:57:48",121,"-8.623","-35.803","-17.056","-14.882","143.490","64.909","21.368","21.472","300.0","300.0"
"2025/05/26","13:57:48",237,"-9.019","-56.757","-27.167","-23.788","143.490","64.909","21.367","21.472","300.0","300.0"
"2025/05/26","13:57:48",321,"-9.456","-39.624","-18.654","-15.667","143.468","64.909","21.367","21.472","300.0","300.0"
"2025/05/26","13:57:48",437,"-9.937","-30.295","-14.382","-12.662","143.468","64.909","21.367","21.472","300.0","300.0"
"2025/05/26","13:57:48",538,"-10.334","-42.515","-20.319","-18.753","143.468","64.909","21.367","21.472","300.0","300.0"
"2025/05/26","13:57:48",654,"-11.254","-43.847","-20.697","-17.612","143.468","64.931","21.367","21.472","300.0","300.0"
"2025/05/26","13:57:48",788,"-11.650","-38.982","-18.315","-15.372","143.446","64.952","21.366","21.473","300.0","300.0"
"2025/05/26","13:57:48",838,"-11.650","-38.982","-18.315","-15.372","143.446","64.952","21.367","21.473","300.0","300.0"
"2025/05/26","13:57:48",937,"-12.087","-39.144","-18.611","-15.986","143.446","64.952","21.367","21.472","300.0","300.0"
"2025/05/26","13:57:49",55,"-12.397","-39.883","-19.141","-14.997","143.381","64.952","21.367","21.473","300.0","300.0"
"2025/05/26","13:57:49",187,"-12.538","-21.441","-10.138","-8.279","143.381","65.017","21.368","21.473","300.0","300.0"
"2025/05/26","13:57:49",270,"-12.538","-25.281","-12.186","-10.957","143.338","65.061","21.367","21.473","300.0","300.0"
"2025/05/26","13:57:49",371,"-12.538","-23.479","-11.197","-9.313","143.338","65.061","21.368","21.473","300.0","300.0"
"2025/05/26","13:57:49",470,"-12.538","-23.998","-11.507","-10.065","143.294","65.061","21.367","21.472","300.0","300.0"
"2025/05/26","13:57:49",588,"-12.538","-23.067","-11.040","-9.107","143.294","65.082","21.367","21.472","300.0","300.0"
"2025/05/26","13:57:49",687,"-12.538","-23.085","-10.932","-8.886","143.229","65.082","21.367","21.471","300.0","300.0"
"2025/05/26","13:57:49",788,"-12.538","-25.076","-11.831","-8.835","143.229","65.126","21.368","21.472","300.0","300.0"
"2025/05/26","13:57:49",904,"-12.538","-23.783","-11.346","-8.824","143.229","65.126","21.367","21.472","300.0","300.0"
"2025/05/26","13:57:49",987,"-12.538","-24.419","-11.618","-9.952","143.229","65.126","21.367","21.472","300.0","300.0"
"2025/05/26","13:57:50",138,"-12.538","-23.281","-11.143","-7.950","143.229","65.082","21.367","21.472","300.0","300.0"
"2025/05/26","13:57:50",203,"-12.538","-22.199","-10.571","-7.489","143.229","65.082","21.367","21.472","300.0","300.0"
"2025/05/26","13:57:50",288,"-12.538","-24.988","-11.901","-9.644","143.229","65.082","21.366","21.473","300.0","300.0"
"2025/05/26","13:57:50",388,"-12.538","-24.697","-11.746","-9.010","143.229","65.082","21.367","21.473","300.0","300.0"
"2025/05/26","13:57:50",520,"-12.538","-22.526","-10.711","-7.733","143.229","65.082","21.367","21.472","300.0","300.0"
"2025/05/26","13:57:50",604,"-12.538","-22.025","-10.626","-7.438","143.229","65.082","21.367","21.472","300.0","300.0"
"2025/05/26","13:57:50",703,"-12.538","-23.079","-11.067","-8.501","143.229","65.082","21.368","21.472","300.0","300.0"
"2025/05/26","13:57:50",821,"-12.538","-22.737","-10.939","-8.746","143.229","65.061","21.367","21.473","300.0","300.0"
"2025/05/26","13:57:50",904,"-12.538","-23.359","-11.140","-8.803","143.229","65.061","21.367","21.472","300.0","300.0"
"2025/05/26","13:57:51",3,"-12.538","-23.036","-11.109","-8.816","143.207","65.061","21.367","21.473","300.0","300.0"
"2025/05/26","13:57:51",137,"-12.538","-23.312","-11.179","-8.819","143.207","65.061","21.367","21.472","300.0","300.0"
"2025/05/26","13:57:51",255,"-12.538","-22.761","-10.808","-9.081","143.207","65.061","21.367","21.472","300.0","300.0"
"2025/05/26","13:57:51",354,"-12.538","-22.761","-10.808","-9.081","143.207","65.061","21.367","21.471","300.0","300.0"
"2025/05/26","13:57:51",404,"-12.538","-22.781","-10.879","-8.880","143.207","65.061","21.367","21.472","300.0","311.5"
"2025/05/26","13:57:51",520,"-12.538","-21.383","-10.434","-7.703","143.229","65.082","21.367","21.472","300.0","311.5"
"2025/05/26","13:57:51",654,"-12.538","-22.580","-11.023","-8.562","143.229","65.082","21.367","21.473","300.0","338.2"
"2025/05/26","13:57:51",737,"-12.538","-23.557","-11.390","-8.761","143.229","65.082","21.367","21.473","300.0","338.2"
"2025/05/26","13:57:51",838,"-12.538","-22.030","-10.475","-7.676","143.229","65.082","21.367","21.472","300.0","329.5"
"2025/05/26","13:57:51",937,"-12.538","-22.963","-10.956","-8.556","143.229","65.082","21.367","21.472","300.0","329.5"
"2025/05/26","13:57:52",53,"-12.538","-23.996","-11.144","-8.759","143.273","65.061","21.367","21.472","300.0","329.5"
"2025/05/26","13:57:52",154,"-12.538","-21.404","-10.233","-7.686","143.316","65.061","21.367","21.473","300.0","329.8"
"2025/05/26","13:57:52",270,"-12.538","-21.404","-10.233","-7.686","143.316","65.061","21.367","21.472","300.0","329.8"
"2025/05/26","13:57:52",354,"-12.538","-21.416","-10.284","-7.428","143.316","65.061","21.367","21.472","300.0","328.3"
"2025/05/26","13:57:52",437,"-12.538","-23.990","-11.296","-8.499","143.316","65.061","21.367","21.473","300.0","328.3"
"2025/05/26","13:57:52",555,"-12.538","-22.383","-10.921","-8.803","143.316","64.931","21.367","21.473","300.0","331.3"
"2025/05/26","13:57:52",638,"-12.538","-22.383","-10.921","-8.803","143.316","64.931","21.366","21.472","300.0","331.3"
"2025/05/26","13:57:52",753,"-12.538","-22.828","-11.002","-9.080","143.359","64.909","21.367","21.472","300.0","323.9"
"2025/05/26","13:57:52",838,"-12.538","-22.828","-11.002","-9.080","143.359","64.909","21.367","21.472","300.0","323.9"
"2025/05/26","13:57:52",937,"-12.538","-21.394","-10.154","-7.749","143.359","64.909","21.367","21.473","300.0","323.9"
"2025/05/26","13:57:53",38,"-12.538","-21.998","-10.574","-8.573","143.338","64.909","21.367","21.473","300.0","323.9"
"2025/05/26","13:57:53",154,"-12.538","-23.540","-11.286","-9.894","143.338","64.909","21.367","21.473","300.0","330.2"
"2025/05/26","13:57:53",236,"-12.538","-22.376","-10.681","-7.937","143.359","64.909","21.366","21.472","300.0","330.2"
"2025/05/26","13:57:53",354,"-12.538","-21.524","-10.234","-8.616","143.359","64.887","21.367","21.473","300.0","331.8"
"2025/05/26","13:57:53",470,"-12.538","-23.187","-11.042","-8.809","143.359","64.887","21.367","21.473","300.0","331.8"
"2025/05/26","13:57:53",553,"-12.538","-23.187","-11.042","-8.809","143.359","64.887","21.366","21.472","300.0","331.8"
"2025/05/26","13:57:53",671,"-12.538","-21.163","-10.203","-8.558","143.381","64.887","21.367","21.473","300.0","328.7"
"2025/05/26","13:57:53",788,"-12.538","-22.412","-10.662","-8.760","143.381","64.909","21.366","21.473","300.0","329.6"
"2025/05/26","13:57:53",871,"-12.538","-21.415","-10.153","-7.675","143.381","64.909","21.367","21.472","300.0","329.6"
"2025/05/26","13:57:53",970,"-12.538","-21.653","-10.420","-7.425","143.381","64.931","21.367","21.472","300.0","329.6"
"2025/05/26","13:57:54",71,"-12.538","-24.161","-11.482","-9.629","143.381","64.931","21.367","21.472","300.0","337.0"
"2025/05/26","13:57:54",171,"-12.538","-24.273","-11.573","-10.137","143.338","64.931","21.366","21.472","300.0","337.0"
"2025/05/26","13:57:54",270,"-12.538","-22.078","-10.440","-7.993","143.338","64.996","21.367","21.473","300.0","334.5"
"2025/05/26","13:57:54",388,"-12.538","-21.922","-10.332","-7.498","143.294","64.996","21.366","21.472","300.0","334.5"
"2025/05/26","13:57:54",487,"-12.538","-22.938","-10.846","-8.515","143.294","65.017","21.367","21.472","300.0","334.5"
"2025/05/26","13:57:54",586,"-12.538","-21.887","-10.041","-7.619","143.294","65.017","21.367","21.472","300.0","331.6"
"2025/05/26","13:57:54",687,"-12.538","-22.930","-10.933","-8.543","143.273","65.061","21.367","21.472","300.0","331.6"
"2025/05/26","13:57:54",821,"-12.538","-21.067","-10.061","-8.756","143.273","65.061","21.366","21.472","300.0","331.1"
"2025/05/26","13:57:54",887,"-12.538","-23.442","-11.245","-8.805","143.229","65.061","21.366","21.472","300.0","331.1"
"2025/05/26","13:57:55",5,"-12.538","-23.406","-10.980","-8.817","143.229","65.104","21.367","21.471","300.0","331.1"
"2025/05/26","13:57:55",121,"-12.538","-20.125","-9.534","-7.688","143.229","65.104","21.367","21.472","300.0","333.5"
"2025/05/26","13:57:55",220,"-12.538","-22.056","-10.815","-9.690","143.207","65.061","21.370","21.476","300.0","333.5"
"2025/05/26","13:57:55",303,"-12.538","-30.681","-14.727","-11.282","143.207","65.061","21.382","21.488","300.0","756.3"
"2025/05/26","13:57:55",437,"-12.538","-31.736","-14.937","-11.650","143.555","65.061","21.384","21.490","300.0","756.3"
"2025/05/26","13:57:55",538,"-12.538","-31.630","-15.062","-11.735","143.555","67.665","21.384","21.492","300.0","756.3"
"2025/05/26","13:57:55",654,"-12.538","-34.293","-16.553","-14.016","143.555","67.665","21.384","21.493","383.6","949.8"
"2025/05/26","13:57:55",720,"-12.538","-36.310","-17.435","-14.542","168.772","97.526","21.385","21.493","383.6","949.8"
"2025/05/26","13:57:55",855,"-12.538","-35.490","-16.870","-13.533","168.772","97.526","21.385","21.492","383.6","946.2"
"2025/05/26","13:57:55",953,"-12.538","-33.782","-16.278","-14.431","176.497","97.526","21.385","21.493","850.2","946.2"
"2025/05/26","13:57:56",19,"-12.538","-35.373","-16.910","-14.638","176.497","101.042","21.385","21.495","850.2","885.7"
"2025/05/26","13:57:56",138,"-12.538","-35.624","-16.979","-14.686","176.497","101.042","21.385","21.495","894.4","885.7"
"2025/05/26","13:57:56",237,"-12.538","-34.747","-16.764","-14.697","177.626","102.322","21.385","21.494","894.4","885.7"
"2025/05/26","13:57:56",336,"-12.538","-35.947","-17.484","-14.699","177.626","102.322","21.386","21.495","894.4","783.8"
"2025/05/26","13:57:56",437,"-12.538","-36.808","-17.650","-14.700","178.255","102.322","21.384","21.493","836.3","783.8"
"2025/05/26","13:57:56",538,"-12.538","-32.216","-15.535","-12.438","178.255","102.626","21.373","21.479","836.3","399.7"
"2025/05/26","13:57:56",637,"-12.538","-24.261","-11.585","-8.524","178.255","102.626","21.365","21.470","838.3","399.7"
"2025/05/26","13:57:56",737,"-12.538","-22.426","-10.827","-8.752","178.016","98.329","21.366","21.469","838.3","399.7"
"2025/05/26","13:57:56",854,"-12.538","-21.734","-10.269","-7.686","148.893","98.329","21.366","21.471","810.6","320.6"
"2025/05/26","13:57:56",953,"-12.538","-22.076","-10.601","-8.558","148.893","66.081","21.366","21.471","810.6","300.0"
"2025/05/26","13:57:57",55,"-12.538","-22.155","-10.754","-8.760","148.893","66.081","21.367","21.471","829.1","300.0"
"2025/05/26","13:57:57",154,"-12.538","-22.875","-10.943","-8.806","142.730","64.149","21.367","21.471","829.1","300.0"
"2025/05/26","13:57:57",253,"-12.538","-21.873","-10.525","-7.686","142.730","64.149","21.367","21.471","876.1","300.0"
